Source_Name,Sub_Class,Predicted_Macro_Class,Confidence,Prob_AGN,Prob_Binary,Prob_Galactic,Prob_Galaxy,Prob_Pulsar,Final_Class
4FGL J1631.8+4144,unass,AGN,1.0,1.0,0.0,0.0,0.0,0.0,predicted_bll
4FGL J0117.9+1430,unass,AGN,1.0,1.0,0.0,0.0,0.0,0.0,predicted_fsrq
4FGL J0115.4-2917,unass,AGN,1.0,1.0,0.0,0.0,0.0,0.0,predicted_bll
4FGL J1338.0-4159,unass,AGN,1.0,1.0,0.0,0.0,0.0,0.0,predicted_bll
4FGL J0102.0-6240,unass,AGN,1.0,1.0,0.0,0.0,0.0,0.0,predicted_bll
4FGL J2237.2-6726,unass,AGN,1.0,1.0,0.0,0.0,0.0,0.0,predicted_bll
4FGL J0944.6+5729,unass,AGN,1.0,1.0,0.0,0.0,0.0,0.0,predicted_bll
4FGL J0259.0+0552,unass,AGN,1.0,1.0,0.0,0.0,0.0,0.0,predicted_bll
4FGL J0448.7-2116,unass,AGN,0.995,0.995,0.0,0.005,0.0,0.0,predicted_fsrq
4FGL J0202.7+3133,unass,AGN,0.995,0.995,0.0,0.0,0.005,0.0,predicted_bll
4FGL J0312.6-1601,unass,AGN,0.995,0.995,0.0,0.0,0.005,0.0,predicted_bll
4FGL J1328.9+5019,unass,AGN,0.995,0.995,0.005,0.0,0.0,0.0,predicted_fsrq
4FGL J0156.3-2420,unass,AGN,0.995,0.995,0.005,0.0,0.0,0.0,predicted_bll
4FGL J1910.8+6300,unass,AGN,0.995,0.995,0.0,0.0,0.0,0.005,predicted_bll
4FGL J1133.1+5135,unass,AGN,0.995,0.995,0.0,0.005,0.0,0.0,predicted_fsrq
4FGL J1708.2+5519,unass,AGN,0.995,0.995,0.0,0.005,0.0,0.0,predicted_fsrq
4FGL J2211.9-2924,unass,AGN,0.995,0.995,0.0,0.0,0.0,0.005,predicted_bll
4FGL J2342.7+3154,unass,AGN,0.995,0.995,0.0,0.005,0.0,0.0,predicted_fsrq
4FGL J1718.5+4237,unass,AGN,0.995,0.995,0.005,0.0,0.0,0.0,predicted_fsrq
4FGL J2117.1-5307,unass,AGN,0.995,0.995,0.0,0.0,0.0,0.005,predicted_bll
4FGL J0550.5-4356,unass,AGN,0.995,0.995,0.0,0.005,0.0,0.0,predicted_bll
4FGL J2234.2-4156,unass,AGN,0.995,0.995,0.0,0.0,0.0,0.005,predicted_bll
4FGL J0159.8-2234,unass,AGN,0.99,0.99,0.0,0.0,0.005,0.005,predicted_bll
4FGL J1055.9+6507,unass,AGN,0.99,0.99,0.005,0.005,0.0,0.0,predicted_bcu
4FGL J0755.6+1855,unass,AGN,0.99,0.99,0.01,0.0,0.0,0.0,predicted_bll
4FGL J0346.1+0342,unass,AGN,0.99,0.99,0.005,0.0,0.005,0.0,predicted_bll
4FGL J2353.2+3135,unass,AGN,0.99,0.99,0.005,0.0,0.0,0.005,predicted_fsrq
4FGL J0611.5-2918,unass,AGN,0.99,0.99,0.0,0.005,0.005,0.0,predicted_bll
4FGL J0343.3-6303,unass,AGN,0.99,0.99,0.005,0.0,0.005,0.0,predicted_bll
4FGL J0035.2-1739,unass,AGN,0.99,0.99,0.0,0.005,0.005,0.0,predicted_bll
4FGL J2344.7-4234,unass,AGN,0.99,0.99,0.0,0.01,0.0,0.0,predicted_bll
4FGL J0347.5+0722,unass,AGN,0.99,0.99,0.0,0.005,0.0,0.005,predicted_bll
4FGL J1841.6+7113,unass,AGN,0.99,0.99,0.0,0.005,0.0,0.005,predicted_bll
4FGL J0230.4-1140,unass,AGN,0.99,0.99,0.0,0.0,0.01,0.0,predicted_bll
4FGL J2022.3+0413,unass,AGN,0.99,0.99,0.0,0.01,0.0,0.0,predicted_bll
4FGL J1007.6+4253,unass,AGN,0.99,0.99,0.005,0.0,0.0,0.005,predicted_fsrq
4FGL J0919.3+6607,unass,AGN,0.99,0.99,0.0,0.01,0.0,0.0,predicted_bll
4FGL J0004.4-4001,unass,AGN,0.99,0.99,0.005,0.0,0.0,0.005,predicted_bll
4FGL J0608.6+1149,unk,AGN,0.99,0.99,0.0,0.01,0.0,0.0,predicted_bll
4FGL J1043.0+5316,unass,AGN,0.99,0.99,0.01,0.0,0.0,0.0,predicted_fsrq
4FGL J0136.6+3130,unass,AGN,0.985,0.985,0.005,0.005,0.005,0.0,predicted_bcu
4FGL J1428.6+0705,unass,AGN,0.985,0.985,0.0,0.01,0.0,0.005,predicted_bll
4FGL J0943.6+4207,unass,AGN,0.985,0.985,0.015,0.0,0.0,0.0,predicted_fsrq
4FGL J0406.2+0639,unass,AGN,0.985,0.985,0.005,0.005,0.005,0.0,predicted_fsrq
4FGL J2122.3+7653,unass,AGN,0.985,0.985,0.005,0.0,0.01,0.0,predicted_bll
4FGL J2237.8+2430,unass,AGN,0.985,0.985,0.0,0.01,0.005,0.0,predicted_bll
4FGL J0025.4-4838,unass,AGN,0.985,0.985,0.0,0.005,0.0,0.01,predicted_bcu
4FGL J1120.1-2645,unass,AGN,0.985,0.985,0.0,0.0,0.015,0.0,predicted_bll
4FGL J0238.1-2621,unass,AGN,0.985,0.985,0.015,0.0,0.0,0.0,predicted_fsrq
4FGL J1128.3-1301,unass,AGN,0.985,0.985,0.0,0.01,0.0,0.005,predicted_bll
4FGL J0301.6-5617,unass,AGN,0.985,0.985,0.005,0.0,0.005,0.005,predicted_bll
4FGL J1228.0+5039,unass,AGN,0.985,0.985,0.0,0.01,0.0,0.005,predicted_fsrq
4FGL J0118.3-6008,unass,AGN,0.985,0.985,0.01,0.0,0.0,0.005,predicted_bcu
4FGL J0815.5+6554,unass,AGN,0.985,0.985,0.0,0.0,0.015,0.0,predicted_bll
4FGL J1001.3-2040,unass,AGN,0.985,0.985,0.0,0.005,0.01,0.0,predicted_bll
4FGL J0932.1+3634,unass,AGN,0.985,0.985,0.01,0.0,0.005,0.0,predicted_bll
4FGL J1125.2+2557,unass,AGN,0.985,0.985,0.01,0.005,0.0,0.0,predicted_fsrq
4FGL J1530.5+5850,unass,AGN,0.985,0.985,0.0,0.0,0.0,0.015,predicted_bcu
4FGL J1326.0+3507,unass,AGN,0.985,0.985,0.005,0.0,0.01,0.0,predicted_bcu
4FGL J0122.4+1034,unass,AGN,0.985,0.985,0.005,0.005,0.005,0.0,predicted_bll
4FGL J0653.8-1330,unass,AGN,0.985,0.985,0.0,0.01,0.0,0.005,predicted_bll
4FGL J0621.9+4219,unass,AGN,0.985,0.985,0.0,0.0,0.015,0.0,predicted_bll
4FGL J0132.9-4259,unass,AGN,0.985,0.985,0.015,0.0,0.0,0.0,predicted_fsrq
4FGL J0220.1+1155,unass,AGN,0.985,0.985,0.0,0.015,0.0,0.0,predicted_bll
4FGL J0856.2-0810,unass,AGN,0.98,0.98,0.0,0.015,0.005,0.0,predicted_bll
4FGL J1047.2+6740,unass,AGN,0.98,0.98,0.0,0.0,0.02,0.0,predicted_bll
4FGL J2207.1+2222,unass,AGN,0.98,0.98,0.015,0.005,0.0,0.0,predicted_bll
4FGL J1250.9-4943,unass,AGN,0.98,0.98,0.0,0.005,0.01,0.005,predicted_bll
4FGL J2331.6+4430,unass,AGN,0.98,0.98,0.0,0.01,0.01,0.0,predicted_bll
4FGL J0252.0-3657,unass,AGN,0.98,0.98,0.0,0.01,0.01,0.0,predicted_bll
4FGL J0256.2-0408,unass,AGN,0.98,0.98,0.0,0.005,0.015,0.0,predicted_bll
4FGL J0240.2-0248,unass,AGN,0.98,0.98,0.01,0.005,0.005,0.0,predicted_bcu
4FGL J1409.8+7921,unass,AGN,0.98,0.98,0.0,0.01,0.01,0.0,predicted_bll
4FGL J0126.3-6746,unass,AGN,0.98,0.98,0.0,0.005,0.015,0.0,predicted_bll
4FGL J0405.4-6929,unass,AGN,0.98,0.98,0.005,0.005,0.0,0.01,predicted_fsrq
4FGL J0153.3+5416,unass,AGN,0.98,0.98,0.005,0.015,0.0,0.0,predicted_bll
4FGL J0402.8-2747,unass,AGN,0.98,0.98,0.005,0.01,0.0,0.005,predicted_fsrq
4FGL J1056.3+1350,unass,AGN,0.98,0.98,0.0,0.01,0.0,0.01,predicted_bcu
4FGL J2339.4+3008,unass,AGN,0.98,0.98,0.0,0.005,0.015,0.0,predicted_bll
4FGL J1310.2+6219,unass,AGN,0.98,0.98,0.0,0.015,0.0,0.005,predicted_bcu
4FGL J2042.1-5320,unass,AGN,0.98,0.98,0.0,0.01,0.01,0.0,predicted_bll
4FGL J0327.6+2620,unass,AGN,0.98,0.98,0.01,0.01,0.0,0.0,predicted_bll
4FGL J1029.4-0828,unass,AGN,0.98,0.98,0.0,0.015,0.005,0.0,predicted_bll
4FGL J1318.1-3937,unass,AGN,0.98,0.98,0.0,0.01,0.0,0.01,predicted_fsrq
4FGL J0454.6-1740,unass,AGN,0.98,0.98,0.0,0.015,0.0,0.005,predicted_bcu
4FGL J1749.6+4716,unass,AGN,0.98,0.98,0.005,0.0,0.0,0.015,predicted_bcu
4FGL J0952.9+1351,unass,AGN,0.98,0.98,0.0,0.005,0.015,0.0,predicted_bll
4FGL J0121.4-7216,unass,AGN,0.98,0.98,0.0,0.0,0.02,0.0,predicted_bll
4FGL J0058.3-4603,unass,AGN,0.98,0.98,0.005,0.005,0.01,0.0,predicted_bll
4FGL J2217.5+6346,unk,AGN,0.98,0.98,0.01,0.01,0.0,0.0,predicted_bll
4FGL J2222.9+1507,unass,AGN,0.98,0.98,0.0,0.01,0.01,0.0,predicted_bll
4FGL J1652.2-4633e,unass,Galactic,0.98,0.015,0.005,0.98,0.0,0.0,predicted_galactic
4FGL J1131.6+4657,unass,AGN,0.98,0.98,0.0,0.0,0.02,0.0,predicted_bll
4FGL J0650.2-5144,unass,AGN,0.98,0.98,0.0,0.01,0.01,0.0,predicted_bll
4FGL J0024.1+2402,unass,AGN,0.98,0.98,0.005,0.01,0.005,0.0,predicted_bll
4FGL J1158.8-1430,unass,AGN,0.98,0.98,0.0,0.01,0.0,0.01,predicted_bll
4FGL J1706.4+6428,unass,AGN,0.98,0.98,0.0,0.0,0.02,0.0,predicted_bll
4FGL J1504.6+4343,unass,AGN,0.98,0.98,0.0,0.005,0.015,0.0,predicted_bll
4FGL J1213.6+1236,unass,AGN,0.98,0.98,0.0,0.01,0.0,0.01,predicted_bll
4FGL J0055.7+4507,unass,AGN,0.98,0.98,0.0,0.015,0.005,0.0,predicted_bll
4FGL J0838.5+4013,unass,AGN,0.98,0.98,0.0,0.02,0.0,0.0,predicted_bll
4FGL J1106.7+3623,unass,AGN,0.98,0.98,0.015,0.0,0.0,0.005,predicted_fsrq
4FGL J0827.6-0059,unass,AGN,0.98,0.98,0.005,0.01,0.005,0.0,predicted_bll
4FGL J2324.6+3115,unass,AGN,0.98,0.98,0.01,0.01,0.0,0.0,predicted_fsrq
4FGL J2317.7+2839,unass,AGN,0.98,0.98,0.0,0.015,0.0,0.005,predicted_bll
4FGL J0747.8+7410,unass,AGN,0.98,0.98,0.01,0.01,0.0,0.0,predicted_fsrq
4FGL J0107.4+0459,unass,AGN,0.98,0.98,0.0,0.005,0.0,0.015,predicted_bll
4FGL J0328.6-1129,unass,AGN,0.9751,0.9751,0.005,0.0001,0.0197,0.0,predicted_bll
4FGL J1132.1-1448,unass,AGN,0.975,0.975,0.01,0.0,0.015,0.0,predicted_bll
4FGL J1256.8-1333,unass,AGN,0.975,0.975,0.015,0.005,0.0,0.005,predicted_bcu
4FGL J1220.1-2458,unass,AGN,0.975,0.975,0.01,0.005,0.01,0.0,predicted_bll
4FGL J0717.3+2437,unass,AGN,0.975,0.975,0.0,0.01,0.01,0.005,predicted_bll
4FGL J0508.9-2327,unass,AGN,0.975,0.975,0.005,0.005,0.005,0.01,predicted_bll
4FGL J1224.6+7011,unass,AGN,0.975,0.975,0.005,0.02,0.0,0.0,predicted_fsrq
4FGL J1146.0-0638,unass,AGN,0.975,0.975,0.0,0.01,0.005,0.01,predicted_bll
4FGL J0540.2+0655,unass,AGN,0.975,0.975,0.0,0.015,0.0,0.01,predicted_bll
4FGL J0010.1+1631,unass,AGN,0.975,0.975,0.0,0.01,0.015,0.0,predicted_bll
4FGL J0030.9-3618,unass,AGN,0.975,0.975,0.0,0.015,0.005,0.005,predicted_bll
4FGL J0851.1-1806,unass,AGN,0.975,0.975,0.01,0.01,0.005,0.0,predicted_bll
4FGL J1401.7-3217,unass,AGN,0.975,0.975,0.01,0.01,0.005,0.0,predicted_bcu
4FGL J2223.9+4128,unass,AGN,0.975,0.975,0.0,0.01,0.015,0.0,predicted_bll
4FGL J0231.0+3505,unass,AGN,0.975,0.975,0.005,0.0,0.02,0.0,predicted_bll
4FGL J1028.4-1539,unass,AGN,0.975,0.975,0.005,0.015,0.005,0.0,predicted_bll
4FGL J0704.3-4829,unass,AGN,0.975,0.975,0.005,0.02,0.0,0.0,predicted_bll
4FGL J0527.4+6647,unass,AGN,0.975,0.975,0.005,0.015,0.005,0.0,predicted_bll
4FGL J2247.7-5857,unass,AGN,0.975,0.975,0.005,0.005,0.0,0.015,predicted_bcu
4FGL J1318.3-1148,unass,AGN,0.975,0.975,0.005,0.005,0.01,0.005,predicted_bll
4FGL J2347.9-5106,unass,AGN,0.975,0.975,0.02,0.005,0.0,0.0,predicted_fsrq
4FGL J0633.9+5840,unass,AGN,0.975,0.975,0.0,0.02,0.005,0.0,predicted_bll
4FGL J0958.6-0522,unass,AGN,0.975,0.975,0.0,0.01,0.015,0.0,predicted_bll
4FGL J0302.5+3354,unass,AGN,0.975,0.975,0.0,0.015,0.01,0.0,predicted_bll
4FGL J0855.0+0720,unass,AGN,0.975,0.975,0.02,0.0,0.0,0.005,predicted_fsrq
4FGL J1309.3+8035,unass,AGN,0.975,0.975,0.0,0.015,0.0,0.01,predicted_bcu
4FGL J2318.9+4151,unass,AGN,0.975,0.975,0.0,0.01,0.005,0.01,predicted_bll
4FGL J1219.8-2008,unass,AGN,0.975,0.975,0.005,0.01,0.005,0.005,predicted_bll
4FGL J1313.2-4437,unass,AGN,0.975,0.975,0.0,0.01,0.01,0.005,predicted_bll
4FGL J0907.6-0606,unass,AGN,0.975,0.975,0.005,0.0,0.02,0.0,predicted_bll
4FGL J0620.7-5034,unass,AGN,0.975,0.975,0.015,0.01,0.0,0.0,predicted_bll
4FGL J1214.5-2318,unass,AGN,0.975,0.975,0.005,0.0,0.02,0.0,predicted_bcu
4FGL J0152.9-1109,unass,AGN,0.9701,0.9701,0.0,0.005,0.0249,0.0,predicted_bll
4FGL J1420.8-3729,unass,AGN,0.97,0.97,0.0,0.02,0.01,0.0,predicted_bll
4FGL J2320.2+0707,unass,AGN,0.97,0.97,0.0,0.015,0.0,0.015,predicted_bll
4FGL J0724.5+7015,unass,AGN,0.97,0.97,0.01,0.015,0.005,0.0,predicted_fsrq
4FGL J1359.9+3616,unass,AGN,0.97,0.97,0.0,0.025,0.0,0.005,predicted_fsrq
4FGL J0009.9+2810,unass,AGN,0.97,0.97,0.02,0.005,0.005,0.0,predicted_bll
4FGL J1846.0-6101,unass,AGN,0.97,0.97,0.01,0.02,0.0,0.0,predicted_bll
4FGL J0331.2-0919,unass,AGN,0.97,0.97,0.005,0.02,0.005,0.0,predicted_bcu
4FGL J1442.1-3707,unass,AGN,0.97,0.97,0.0,0.02,0.01,0.0,predicted_bll
4FGL J0617.6-4028,unass,AGN,0.97,0.97,0.03,0.0,0.0,0.0,predicted_fsrq
4FGL J1424.8+4910,unass,AGN,0.97,0.97,0.0,0.015,0.005,0.01,predicted_fsrq
4FGL J2028.8-0010,unass,AGN,0.97,0.97,0.0,0.01,0.015,0.005,predicted_bll
4FGL J1043.4-0623,unass,AGN,0.97,0.97,0.0,0.025,0.005,0.0,predicted_bll
4FGL J1550.6+6027,unass,AGN,0.97,0.97,0.015,0.015,0.0,0.0,predicted_bll
4FGL J0202.4+2943,unass,AGN,0.97,0.97,0.0,0.005,0.02,0.005,predicted_bll
4FGL J0136.2-4708,unass,AGN,0.97,0.97,0.01,0.015,0.005,0.0,predicted_bll
4FGL J0027.0-1134,unass,AGN,0.97,0.97,0.005,0.025,0.0,0.0,predicted_bll
4FGL J0125.9-6303,unass,AGN,0.9654,0.9654,0.0,0.01,0.0246,0.0,predicted_bll
4FGL J1812.4+4441,unass,AGN,0.965,0.965,0.0,0.03,0.005,0.0,predicted_bll
4FGL J0333.0-3044,unass,AGN,0.965,0.965,0.005,0.005,0.005,0.02,predicted_bcu
4FGL J0844.5+3035,unass,AGN,0.965,0.965,0.005,0.015,0.015,0.0,predicted_bll
4FGL J0847.1-5954,unass,AGN,0.965,0.965,0.01,0.005,0.02,0.0,predicted_bll
4FGL J2142.5-2029,unass,AGN,0.965,0.965,0.0,0.015,0.0,0.02,predicted_bll
4FGL J1519.7+6727,unass,AGN,0.965,0.965,0.005,0.015,0.0,0.015,predicted_bll
4FGL J1025.9+1244,unass,AGN,0.965,0.965,0.0,0.01,0.025,0.0,predicted_bcu
4FGL J2225.8-0804,unass,AGN,0.965,0.965,0.0,0.025,0.0,0.01,predicted_bll
4FGL J0110.6+0415,unass,AGN,0.965,0.965,0.01,0.01,0.01,0.005,predicted_bll
4FGL J2120.5-0138,unass,AGN,0.965,0.965,0.0,0.03,0.0,0.005,predicted_bll
4FGL J0930.9-3030,unass,AGN,0.965,0.965,0.0,0.025,0.01,0.0,predicted_bll
4FGL J1653.0+3640,unass,AGN,0.965,0.965,0.0,0.015,0.005,0.015,predicted_bll
4FGL J1150.8-1905,unass,AGN,0.965,0.965,0.0,0.015,0.02,0.0,predicted_bll
4FGL J1116.3+1818,unass,AGN,0.965,0.965,0.0,0.015,0.01,0.01,predicted_bcu
4FGL J0914.5+6845,unass,AGN,0.965,0.965,0.0,0.025,0.01,0.0,predicted_bll
4FGL J1207.4-1840,unass,AGN,0.965,0.965,0.01,0.005,0.02,0.0,predicted_bcu
4FGL J0938.8+5155,unass,AGN,0.965,0.965,0.005,0.01,0.01,0.01,predicted_bll
4FGL J0046.9+0705,unass,AGN,0.965,0.965,0.025,0.0,0.0,0.01,predicted_bcu
4FGL J0738.6+1311,unass,AGN,0.965,0.965,0.01,0.025,0.0,0.0,predicted_fsrq
4FGL J0610.8-4911,unass,AGN,0.965,0.965,0.01,0.02,0.005,0.0,predicted_bll
4FGL J0121.5+7906,unass,AGN,0.965,0.965,0.01,0.02,0.005,0.0,predicted_bll
4FGL J0328.4-4736,unass,AGN,0.965,0.965,0.035,0.0,0.0,0.0,predicted_bcu
4FGL J1910.8+2856,unk,AGN,0.965,0.965,0.02,0.01,0.005,0.0,predicted_bll
4FGL J1410.7+7405,unass,AGN,0.965,0.965,0.0,0.01,0.0,0.025,predicted_bll
4FGL J1409.1-6121e,unass,Galactic,0.965,0.005,0.0,0.965,0.0,0.03,predicted_galactic
4FGL J1333.4+1540,unass,AGN,0.965,0.965,0.005,0.005,0.025,0.0,predicted_bll
4FGL J0203.3-2507,unass,AGN,0.965,0.965,0.01,0.015,0.0,0.01,predicted_bll
4FGL J0906.0-6627,unass,AGN,0.9612,0.9612,0.0338,0.0,0.005,0.0,predicted_fsrq
4FGL J1111.1-3231,unass,AGN,0.9606,0.9606,0.0,0.015,0.0,0.0244,predicted_fsrq
4FGL J2013.9-8717,unass,AGN,0.96,0.96,0.0,0.015,0.025,0.0,predicted_bll
4FGL J2236.9+1839,unass,AGN,0.96,0.96,0.0,0.025,0.0,0.015,predicted_bll
4FGL J1354.2+0353,unass,AGN,0.96,0.96,0.0,0.025,0.005,0.01,predicted_bll
4FGL J0333.4-2705,unass,AGN,0.96,0.96,0.02,0.02,0.0,0.0,predicted_bll
4FGL J0455.9+6757,unass,AGN,0.96,0.96,0.01,0.02,0.005,0.005,predicted_bll
4FGL J1155.2-1111,unass,AGN,0.96,0.96,0.005,0.02,0.015,0.0,predicted_bll
4FGL J0539.2-6333,unass,AGN,0.96,0.96,0.0,0.035,0.0,0.005,predicted_bll
4FGL J1335.6+4759,unass,AGN,0.96,0.96,0.0,0.0,0.03,0.01,predicted_bll
4FGL J2336.9-8427,unass,AGN,0.96,0.96,0.0,0.015,0.01,0.015,predicted_bll
4FGL J1958.2+6942,unass,AGN,0.96,0.96,0.0,0.02,0.005,0.015,predicted_bll
4FGL J0758.8-1450,unass,Pulsar,0.96,0.01,0.025,0.005,0.0,0.96,predicted_msp
4FGL J1842.8+5311,unass,AGN,0.96,0.96,0.015,0.005,0.005,0.015,predicted_bcu
4FGL J2359.3+2502,unass,AGN,0.96,0.96,0.01,0.005,0.025,0.0,predicted_bll
4FGL J0423.1-1408,unass,AGN,0.96,0.96,0.0,0.015,0.025,0.0,predicted_bll
4FGL J1242.6+3236,unass,AGN,0.96,0.96,0.01,0.025,0.005,0.0,predicted_bll
4FGL J0828.0+5659,unass,AGN,0.96,0.96,0.005,0.02,0.015,0.0,predicted_bll
4FGL J1421.4-1655,unass,AGN,0.96,0.96,0.01,0.01,0.015,0.005,predicted_bll
4FGL J0039.7+4203,unass,AGN,0.96,0.96,0.01,0.01,0.01,0.01,predicted_bcu
4FGL J1628.2+7518,unass,AGN,0.96,0.96,0.015,0.02,0.0,0.005,predicted_fsrq
4FGL J0220.0-3001,unass,AGN,0.96,0.96,0.01,0.015,0.015,0.0,predicted_bll
4FGL J1752.0+3606,unass,AGN,0.96,0.96,0.01,0.01,0.005,0.015,predicted_bll
4FGL J0138.5+3931,unass,AGN,0.96,0.96,0.02,0.02,0.0,0.0,predicted_fsrq
4FGL J0249.2+1652,unass,AGN,0.96,0.96,0.0,0.03,0.005,0.005,predicted_bll
4FGL J2114.9-3326,unass,AGN,0.955,0.955,0.015,0.02,0.0,0.01,predicted_bll
4FGL J0123.7-4129,unass,AGN,0.955,0.955,0.005,0.025,0.01,0.005,predicted_bll
4FGL J1628.2+4642,unass,AGN,0.955,0.955,0.0,0.02,0.02,0.005,predicted_bll
4FGL J2123.5-8315,unass,AGN,0.955,0.955,0.02,0.025,0.0,0.0,predicted_bll
4FGL J1708.6-1246,unass,AGN,0.955,0.955,0.005,0.015,0.0,0.025,predicted_fsrq
4FGL J0753.7-4545,unk,AGN,0.955,0.955,0.0,0.03,0.01,0.005,predicted_bll
4FGL J1016.8-0606,unass,AGN,0.955,0.955,0.0,0.03,0.01,0.005,predicted_bll
4FGL J1258.4+6554,unass,AGN,0.955,0.955,0.005,0.035,0.0,0.005,predicted_bcu
4FGL J1232.1+5953,unass,AGN,0.955,0.955,0.01,0.02,0.005,0.01,predicted_fsrq
4FGL J0839.6-8341,unass,AGN,0.955,0.955,0.0,0.035,0.01,0.0,predicted_bll
4FGL J0226.9+7744,unass,AGN,0.955,0.955,0.0,0.015,0.02,0.01,predicted_bll
4FGL J1006.9-2806,unass,AGN,0.955,0.955,0.01,0.02,0.0,0.015,predicted_bcu
4FGL J0934.5+7223,unass,AGN,0.955,0.955,0.005,0.025,0.015,0.0,predicted_fsrq
4FGL J2210.2+1624,unass,AGN,0.955,0.955,0.0,0.025,0.015,0.005,predicted_bll
4FGL J0331.8-4404,unass,AGN,0.955,0.955,0.01,0.02,0.015,0.0,predicted_bll
4FGL J1314.1+6854,unass,AGN,0.955,0.955,0.0,0.01,0.02,0.015,predicted_bll
4FGL J1438.0+0219,unass,AGN,0.955,0.955,0.01,0.01,0.025,0.0,predicted_bcu
4FGL J1818.7+2007,unass,AGN,0.955,0.955,0.02,0.02,0.0,0.005,predicted_fsrq
4FGL J0203.9+8120,unass,AGN,0.955,0.955,0.0,0.035,0.01,0.0,predicted_bll
4FGL J0928.4-5256,unass,AGN,0.955,0.955,0.0,0.035,0.005,0.005,predicted_bll
4FGL J0335.6-0727,unass,AGN,0.955,0.955,0.01,0.025,0.01,0.0,predicted_bll
4FGL J0557.5-4452,unass,AGN,0.95,0.95,0.005,0.025,0.005,0.015,predicted_fsrq
4FGL J0244.3+1719,unass,AGN,0.95,0.95,0.0,0.03,0.02,0.0,predicted_bll
4FGL J2129.5+5431,unass,AGN,0.95,0.95,0.015,0.035,0.0,0.0,predicted_bll
4FGL J1245.4-0701,unass,AGN,0.95,0.95,0.005,0.01,0.025,0.01,predicted_bcu
4FGL J0000.5+0743,unass,AGN,0.95,0.95,0.025,0.005,0.0,0.02,predicted_bcu
4FGL J1753.9+2443,unass,AGN,0.95,0.95,0.02,0.01,0.015,0.005,predicted_bcu
4FGL J0953.8-3200,unass,AGN,0.95,0.95,0.0,0.005,0.04,0.005,predicted_bll
4FGL J2153.0-6442,unass,AGN,0.95,0.95,0.0,0.0,0.05,0.0,predicted_bll
4FGL J0515.4-3841,unass,AGN,0.95,0.95,0.005,0.035,0.005,0.005,predicted_bll
4FGL J0624.8-0735,unk,AGN,0.95,0.95,0.015,0.02,0.0,0.015,predicted_bcu
4FGL J0757.9+7304,unass,AGN,0.95,0.95,0.005,0.005,0.04,0.0,predicted_bll
4FGL J1543.1+4209,unass,AGN,0.95,0.95,0.0,0.005,0.045,0.0,predicted_bll
4FGL J0928.7-2541,unass,AGN,0.95,0.95,0.0,0.035,0.015,0.0,predicted_bll
4FGL J0810.0-0505,unass,AGN,0.95,0.95,0.0,0.04,0.01,0.0,predicted_bll
4FGL J0541.1-2059,unass,AGN,0.95,0.95,0.015,0.01,0.015,0.01,predicted_bll
4FGL J0449.3-2621,unass,AGN,0.95,0.95,0.015,0.03,0.0,0.005,predicted_fsrq
4FGL J0222.7+5016,unass,AGN,0.95,0.95,0.01,0.035,0.0,0.005,predicted_bll
4FGL J1908.2-7026,unass,AGN,0.95,0.95,0.01,0.015,0.025,0.0,predicted_bll
4FGL J1030.7+6118,unass,AGN,0.95,0.95,0.005,0.015,0.005,0.025,predicted_bcu
4FGL J1256.8+5329,unass,AGN,0.95,0.95,0.005,0.015,0.0,0.03,predicted_fsrq
4FGL J0845.9+6822,unass,AGN,0.95,0.95,0.01,0.015,0.005,0.02,predicted_fsrq
4FGL J0348.5-1804,unass,AGN,0.95,0.95,0.035,0.005,0.01,0.0,predicted_bll
4FGL J2219.4+3229,unass,AGN,0.95,0.95,0.0,0.025,0.025,0.0,predicted_bll
4FGL J0727.3+2152,unass,AGN,0.95,0.95,0.005,0.04,0.0,0.005,predicted_fsrq
4FGL J0903.5+4057,unass,AGN,0.95,0.95,0.005,0.005,0.04,0.0,predicted_bll
4FGL J0724.8+3016,unass,AGN,0.95,0.95,0.0,0.035,0.01,0.005,predicted_bll
4FGL J1130.5+1400,unass,AGN,0.95,0.95,0.015,0.0,0.03,0.005,predicted_bcu
4FGL J0935.5+1152,unass,AGN,0.95,0.95,0.0,0.02,0.0,0.03,predicted_bll
4FGL J1019.3+5625,unass,AGN,0.95,0.95,0.0,0.01,0.04,0.0,predicted_bll
4FGL J1008.2-1000,unass,AGN,0.95,0.95,0.005,0.005,0.0,0.04,predicted_fsrq
4FGL J0054.4-1503,unass,AGN,0.95,0.95,0.0,0.025,0.015,0.01,predicted_bll
4FGL J0753.4+4650,unass,AGN,0.9451,0.9451,0.0,0.005,0.0499,0.0,predicted_bll
4FGL J1600.4+0407,unass,AGN,0.945,0.945,0.0,0.015,0.0,0.04,predicted_bll
4FGL J2217.5-2738,unass,AGN,0.945,0.945,0.025,0.01,0.015,0.005,predicted_bll
4FGL J0916.9+7756,unass,AGN,0.945,0.945,0.005,0.02,0.02,0.01,predicted_bll
4FGL J1705.5+5632,unass,AGN,0.945,0.945,0.01,0.03,0.01,0.005,predicted_bll
4FGL J1553.8-5325e,unass,Galactic,0.945,0.0,0.005,0.945,0.005,0.045,predicted_galactic
4FGL J0154.6+0051,unass,AGN,0.945,0.945,0.005,0.025,0.025,0.0,predicted_bll
4FGL J2125.6+0458,unass,AGN,0.945,0.945,0.0,0.02,0.035,0.0,predicted_bll
4FGL J1546.8-3244,unass,AGN,0.945,0.945,0.0,0.03,0.005,0.02,predicted_bll
4FGL J1644.8+1850,unass,AGN,0.945,0.945,0.0,0.015,0.005,0.035,predicted_bll
4FGL J0314.2+2419,unass,AGN,0.945,0.945,0.01,0.03,0.015,0.0,predicted_bcu
4FGL J1821.6+6636,unass,AGN,0.945,0.945,0.01,0.015,0.03,0.0,predicted_bll
4FGL J0826.0-0157,unass,AGN,0.945,0.945,0.035,0.015,0.0,0.005,predicted_fsrq
4FGL J0602.7+6621,unass,AGN,0.945,0.945,0.01,0.025,0.01,0.01,predicted_bll
4FGL J0251.1-1830,unass,AGN,0.945,0.945,0.005,0.04,0.005,0.005,predicted_bll
4FGL J0737.4+6535,unass,AGN,0.945,0.945,0.025,0.0,0.01,0.02,predicted_bcu
4FGL J1106.4+0859,unass,AGN,0.945,0.945,0.01,0.015,0.02,0.01,predicted_fsrq
4FGL J1846.5+7731,unass,AGN,0.945,0.945,0.0,0.01,0.02,0.025,predicted_bll
4FGL J2320.1-2440,unass,AGN,0.945,0.945,0.035,0.01,0.005,0.005,predicted_bll
4FGL J1216.5-3539,unass,AGN,0.945,0.945,0.025,0.015,0.005,0.01,predicted_fsrq
4FGL J0409.4-3822,unass,AGN,0.945,0.945,0.0,0.005,0.035,0.015,predicted_bll
4FGL J2217.0-6727,unass,AGN,0.945,0.945,0.0,0.045,0.01,0.0,predicted_bll
4FGL J1714.6+3228,unass,AGN,0.945,0.945,0.005,0.03,0.015,0.005,predicted_bll
4FGL J1626.5+6257,unass,AGN,0.945,0.945,0.0,0.02,0.035,0.0,predicted_bll
4FGL J0614.6-2306,unass,AGN,0.945,0.945,0.0,0.035,0.005,0.015,predicted_bll
4FGL J0510.0-0204,unass,AGN,0.945,0.945,0.0,0.035,0.0,0.02,predicted_bll
4FGL J0132.1-0956,unass,AGN,0.945,0.945,0.04,0.0,0.0,0.015,predicted_fsrq
4FGL J0709.7-3009,unk,AGN,0.945,0.945,0.005,0.03,0.015,0.005,predicted_bll
4FGL J2338.1+0411,unass,AGN,0.945,0.945,0.005,0.045,0.005,0.0,predicted_bll
4FGL J2218.5+6822,unass,AGN,0.94,0.94,0.015,0.03,0.01,0.005,predicted_bll
4FGL J0537.6+0400,unass,AGN,0.94,0.94,0.015,0.03,0.01,0.005,predicted_bll
4FGL J1124.5-0658,unass,AGN,0.94,0.94,0.02,0.025,0.01,0.005,predicted_bcu
4FGL J0743.2+4034,unass,AGN,0.94,0.94,0.0,0.03,0.015,0.015,predicted_fsrq
4FGL J0202.3-3531,unass,AGN,0.94,0.94,0.0,0.055,0.0,0.005,predicted_bll
4FGL J0159.0+3313,unass,AGN,0.94,0.94,0.005,0.025,0.015,0.015,predicted_bll
4FGL J1331.3-3818,unass,AGN,0.94,0.94,0.005,0.02,0.03,0.005,predicted_bll
4FGL J0537.5+0959,unass,AGN,0.94,0.94,0.035,0.015,0.0,0.01,predicted_fsrq
4FGL J0102.3+1000,unass,AGN,0.94,0.94,0.01,0.02,0.0,0.03,predicted_bll
4FGL J1216.4-1358,unass,AGN,0.94,0.94,0.01,0.005,0.005,0.04,predicted_bcu
4FGL J2357.7-1937,unass,AGN,0.94,0.94,0.0,0.01,0.01,0.04,predicted_bcu
4FGL J0913.7+1540,unass,AGN,0.94,0.94,0.0,0.055,0.005,0.0,predicted_bll
4FGL J0656.5+4218,unass,AGN,0.94,0.94,0.0,0.01,0.045,0.005,predicted_bll
4FGL J1658.5+4315,unass,AGN,0.94,0.94,0.0,0.055,0.005,0.0,predicted_bll
4FGL J1115.9+1407,unass,AGN,0.94,0.94,0.025,0.03,0.005,0.0,predicted_bll
4FGL J1923.0-4746,unass,AGN,0.94,0.94,0.005,0.02,0.035,0.0,predicted_bll
4FGL J1918.0+0331,unk,AGN,0.94,0.94,0.01,0.035,0.005,0.01,predicted_bll
4FGL J0928.5+3916,unass,AGN,0.94,0.94,0.005,0.02,0.01,0.025,predicted_bcu
4FGL J0806.8+5659,unass,AGN,0.94,0.94,0.0,0.015,0.005,0.04,predicted_bll
4FGL J1413.5-2820,unass,AGN,0.94,0.94,0.025,0.025,0.0,0.01,predicted_fsrq
4FGL J0241.3+2229,unass,AGN,0.94,0.94,0.005,0.02,0.025,0.01,predicted_bll
4FGL J1522.5+0844,unass,AGN,0.94,0.94,0.02,0.025,0.01,0.005,predicted_bll
4FGL J1029.9+7335,unass,AGN,0.94,0.94,0.0,0.05,0.0,0.01,predicted_bll
4FGL J1847.7+3543,unass,AGN,0.94,0.94,0.0,0.035,0.01,0.015,predicted_bll
4FGL J0350.5+4210,unass,AGN,0.94,0.94,0.005,0.045,0.01,0.0,predicted_bll
4FGL J0215.0-5330,unass,AGN,0.94,0.94,0.005,0.02,0.025,0.01,predicted_bll
4FGL J1346.5+5330,unass,AGN,0.94,0.94,0.01,0.02,0.005,0.025,predicted_fsrq
4FGL J0843.7-6933,unass,AGN,0.94,0.94,0.0,0.04,0.01,0.01,predicted_bll
4FGL J2132.3-2005,unass,AGN,0.94,0.94,0.0,0.045,0.005,0.01,predicted_bll
4FGL J1645.0+1654,unass,AGN,0.9352,0.9352,0.0,0.01,0.0498,0.005,predicted_bll
4FGL J0133.0+5931,unass,AGN,0.935,0.935,0.045,0.02,0.0,0.0,predicted_fsrq
4FGL J0658.7+2318,unass,AGN,0.935,0.935,0.0,0.045,0.005,0.015,predicted_bll
4FGL J1959.9-4605,unass,AGN,0.935,0.935,0.0,0.04,0.025,0.0,predicted_bll
4FGL J1510.9+0551,unass,AGN,0.935,0.935,0.0,0.045,0.02,0.0,predicted_bll
4FGL J1111.4+0137,unass,AGN,0.935,0.935,0.0,0.035,0.03,0.0,predicted_bcu
4FGL J0628.8-2340,unass,AGN,0.935,0.935,0.015,0.04,0.01,0.0,predicted_bcu
4FGL J0259.1-4748,unass,AGN,0.935,0.935,0.025,0.025,0.0,0.015,predicted_bcu
4FGL J1527.3-3103,unass,AGN,0.935,0.935,0.01,0.045,0.0,0.01,predicted_bcu
4FGL J0859.8+0053,unass,AGN,0.935,0.935,0.0,0.03,0.025,0.01,predicted_bll
4FGL J1904.0+5313,unass,AGN,0.935,0.935,0.025,0.0,0.035,0.005,predicted_bll
4FGL J0454.4+5943,unass,AGN,0.935,0.935,0.01,0.035,0.0,0.02,predicted_fsrq
4FGL J0852.2-7208,unass,AGN,0.935,0.935,0.01,0.025,0.025,0.005,predicted_bll
4FGL J0640.9-5204,unass,AGN,0.935,0.935,0.01,0.045,0.01,0.0,predicted_bcu
4FGL J0800.9-0825,unass,AGN,0.935,0.935,0.005,0.05,0.005,0.005,predicted_bll
4FGL J0102.1+4458,unass,AGN,0.935,0.935,0.0,0.045,0.0,0.02,predicted_bll
4FGL J1439.1+2217,unass,AGN,0.935,0.935,0.0,0.0,0.065,0.0,predicted_bll
4FGL J1058.4-6625,unass,AGN,0.935,0.935,0.015,0.035,0.005,0.01,predicted_bll
4FGL J0459.7-5413,unass,AGN,0.935,0.935,0.005,0.035,0.01,0.015,predicted_bll
4FGL J0852.5-2515,unass,AGN,0.935,0.935,0.005,0.035,0.02,0.005,predicted_bll
4FGL J1942.1+1142,unass,AGN,0.9301,0.9301,0.0199,0.015,0.0,0.035,predicted_fsrq
4FGL J2038.7-3655,unass,AGN,0.9301,0.9301,0.005,0.05,0.0099,0.005,predicted_bll
4FGL J0739.6+7505,unass,AGN,0.93,0.93,0.0,0.05,0.0,0.02,predicted_bll
4FGL J1057.6-4051,unass,AGN,0.93,0.93,0.0,0.035,0.02,0.015,predicted_bll
4FGL J1243.5+5311,unass,AGN,0.93,0.93,0.0,0.035,0.0,0.035,predicted_bll
4FGL J0133.7-3409,unass,AGN,0.93,0.93,0.01,0.05,0.0,0.01,predicted_bll
4FGL J1803.5-4739,unass,AGN,0.93,0.93,0.0,0.065,0.005,0.0,predicted_bll
4FGL J1239.7-3455,unass,AGN,0.93,0.93,0.015,0.045,0.005,0.005,predicted_bcu
4FGL J1403.7+2429,unass,AGN,0.93,0.93,0.0,0.045,0.005,0.02,predicted_bll
4FGL J1937.1-5509,unass,AGN,0.93,0.93,0.045,0.015,0.0,0.01,predicted_fsrq
4FGL J0120.2-7944,unass,AGN,0.93,0.93,0.02,0.035,0.015,0.0,predicted_bll
4FGL J1818.6+1316,unass,Pulsar,0.93,0.015,0.015,0.04,0.0,0.93,predicted_msp
4FGL J0502.6+0036,unass,AGN,0.93,0.93,0.065,0.005,0.0,0.0,predicted_bcu
4FGL J1555.3+2903,unass,AGN,0.93,0.93,0.035,0.01,0.025,0.0,predicted_bll
4FGL J1637.5+3005,unass,AGN,0.93,0.93,0.0,0.035,0.01,0.025,predicted_bcu
4FGL J2108.7-0408,unass,AGN,0.93,0.93,0.015,0.025,0.01,0.02,predicted_bll
4FGL J1436.4+3900,unass,AGN,0.93,0.93,0.0,0.025,0.03,0.015,predicted_bll
4FGL J1324.5-2338,unass,AGN,0.93,0.93,0.015,0.025,0.025,0.005,predicted_bcu
4FGL J1354.1+2557,unass,AGN,0.93,0.93,0.0,0.03,0.02,0.02,predicted_bcu
4FGL J1741.6-3917e,unass,Galactic,0.93,0.05,0.0,0.93,0.015,0.005,predicted_galactic
4FGL J0343.2+1400,unass,AGN,0.93,0.93,0.02,0.04,0.005,0.005,predicted_bll
4FGL J0809.8+0507,unass,AGN,0.93,0.93,0.015,0.025,0.0,0.03,predicted_fsrq
4FGL J0213.2-8333,unass,AGN,0.93,0.93,0.0,0.015,0.045,0.01,predicted_bll
4FGL J0223.7+3158,unass,AGN,0.93,0.93,0.015,0.045,0.005,0.005,predicted_bcu
4FGL J0759.9+0005,unass,AGN,0.93,0.93,0.015,0.01,0.035,0.01,predicted_bll
4FGL J0725.6-5008,unass,AGN,0.93,0.93,0.025,0.025,0.005,0.015,predicted_bll
4FGL J1010.0+1416,unass,AGN,0.93,0.93,0.0,0.03,0.0,0.04,predicted_bcu
4FGL J1029.3-6657,unk,AGN,0.925,0.925,0.045,0.015,0.01,0.005,predicted_bcu
4FGL J2322.3+2248,unass,AGN,0.925,0.925,0.0,0.04,0.01,0.025,predicted_bll
4FGL J2323.1+2040,unass,AGN,0.925,0.925,0.0,0.04,0.03,0.005,predicted_bll
4FGL J0654.0-4658,unass,AGN,0.925,0.925,0.01,0.03,0.015,0.02,predicted_bcu
4FGL J1119.9-1007,unass,AGN,0.925,0.925,0.0,0.0,0.075,0.0,predicted_bll
4FGL J1216.2-1550,unass,AGN,0.925,0.925,0.0,0.045,0.005,0.025,predicted_bll
4FGL J1845.3+5605,unass,AGN,0.925,0.925,0.005,0.025,0.005,0.04,predicted_bcu
4FGL J0641.4+3349,unass,AGN,0.925,0.925,0.005,0.045,0.02,0.005,predicted_bll
4FGL J1208.2+1158,unass,AGN,0.925,0.925,0.005,0.015,0.025,0.03,predicted_bll
4FGL J0912.0-1539,unass,AGN,0.925,0.925,0.02,0.01,0.015,0.03,predicted_bcu
4FGL J0906.1-1011,unass,AGN,0.925,0.925,0.0,0.04,0.015,0.02,predicted_bll
4FGL J1216.2+0537,unass,AGN,0.925,0.925,0.005,0.0,0.065,0.005,predicted_bll
4FGL J2311.6-4427,unass,AGN,0.925,0.925,0.005,0.055,0.005,0.01,predicted_bll
4FGL J0942.5+7620,unass,AGN,0.925,0.925,0.0,0.035,0.005,0.035,predicted_bll
4FGL J0614.8+5735,unass,AGN,0.925,0.925,0.005,0.015,0.045,0.01,predicted_bcu
4FGL J2104.4+2116,unass,AGN,0.925,0.925,0.06,0.005,0.005,0.005,predicted_bll
4FGL J0040.7-7157,unass,AGN,0.925,0.925,0.01,0.01,0.055,0.0,predicted_bll
4FGL J0007.4-0322,unass,AGN,0.925,0.925,0.015,0.05,0.0,0.01,predicted_bll
4FGL J2043.8+2205,unass,AGN,0.925,0.925,0.015,0.025,0.0,0.035,predicted_fsrq
4FGL J1022.1-1818,unass,AGN,0.925,0.925,0.01,0.04,0.005,0.02,predicted_bll
4FGL J0233.7-2423,unass,AGN,0.925,0.925,0.0,0.05,0.015,0.01,predicted_bll
4FGL J0438.7-3441,unass,AGN,0.925,0.925,0.0,0.06,0.0,0.015,predicted_bll
4FGL J0805.3-7425,unass,AGN,0.925,0.925,0.01,0.06,0.0,0.005,predicted_bcu
4FGL J2328.2-4422,unass,AGN,0.925,0.925,0.005,0.04,0.03,0.0,predicted_bll
4FGL J0150.9+1230,unass,AGN,0.925,0.925,0.01,0.01,0.04,0.015,predicted_bcu
4FGL J0241.1-3035,unass,AGN,0.9223,0.9223,0.0,0.0401,0.0376,0.0,predicted_bll
4FGL J2032.2-0545,unass,AGN,0.92,0.92,0.005,0.07,0.0,0.005,predicted_bll
4FGL J0458.2+6244,unass,AGN,0.92,0.92,0.015,0.045,0.01,0.01,predicted_bll
4FGL J0045.9-2021,unass,AGN,0.92,0.92,0.0,0.045,0.0,0.035,predicted_bll
4FGL J0857.4+6615,unass,AGN,0.92,0.92,0.005,0.03,0.0,0.045,predicted_bcu
4FGL J1304.6+0539,unass,AGN,0.92,0.92,0.06,0.0,0.005,0.015,predicted_fsrq
4FGL J0443.3-5949,unass,AGN,0.92,0.92,0.04,0.025,0.005,0.01,predicted_bll
4FGL J1810.1+2156,unass,AGN,0.92,0.92,0.01,0.045,0.0,0.025,predicted_bll
4FGL J2037.0-2826,unass,AGN,0.92,0.92,0.06,0.02,0.0,0.0,predicted_fsrq
4FGL J1213.1-1123,unass,AGN,0.92,0.92,0.01,0.02,0.01,0.04,predicted_bcu
4FGL J1210.1+3241,unass,AGN,0.92,0.92,0.015,0.05,0.005,0.01,predicted_bll
4FGL J1039.2+3258,unass,AGN,0.92,0.92,0.01,0.04,0.0,0.03,predicted_bcu
4FGL J0931.4-3559,unass,AGN,0.92,0.92,0.0,0.055,0.025,0.0,predicted_bll
4FGL J0414.6+5711,unass,AGN,0.92,0.92,0.0,0.07,0.01,0.0,predicted_bll
4FGL J0314.4-4805,unass,AGN,0.92,0.92,0.01,0.06,0.005,0.005,predicted_bll
4FGL J2201.0-3228,unass,AGN,0.92,0.92,0.005,0.055,0.015,0.005,predicted_bll
4FGL J0959.2-7535,unass,AGN,0.92,0.92,0.015,0.05,0.01,0.005,predicted_bll
4FGL J0006.6+4618,unass,AGN,0.92,0.92,0.0,0.05,0.01,0.02,predicted_bll
4FGL J0512.5-2201,unass,AGN,0.92,0.92,0.005,0.055,0.005,0.015,predicted_bcu
4FGL J0010.2-2431,unass,AGN,0.915,0.915,0.01,0.04,0.0,0.035,predicted_bll
4FGL J0000.7+2530,unass,AGN,0.915,0.915,0.01,0.045,0.03,0.0,predicted_bll
4FGL J0358.7-7403,unass,AGN,0.915,0.915,0.025,0.03,0.02,0.01,predicted_fsrq
4FGL J1648.7+4834,unass,AGN,0.915,0.915,0.0,0.055,0.01,0.02,predicted_bll
4FGL J1201.4+8234,unass,AGN,0.915,0.915,0.005,0.02,0.015,0.045,predicted_fsrq
4FGL J2144.7-5640,unass,AGN,0.915,0.915,0.005,0.045,0.02,0.015,predicted_bll
4FGL J0916.4+1204,unass,AGN,0.915,0.915,0.025,0.015,0.045,0.0,predicted_bll
4FGL J1507.1-1901,unass,AGN,0.915,0.915,0.005,0.055,0.0,0.025,predicted_bcu
4FGL J0025.5-5936,unass,AGN,0.915,0.915,0.06,0.01,0.005,0.01,predicted_fsrq
4FGL J0018.8+5112,unass,AGN,0.915,0.915,0.015,0.045,0.0,0.025,predicted_bcu
4FGL J0450.7+0715,unass,AGN,0.915,0.915,0.055,0.02,0.01,0.0,predicted_bll
4FGL J2105.9+7508,unass,AGN,0.915,0.915,0.04,0.015,0.02,0.01,predicted_bll
4FGL J1536.0-2729,unass,AGN,0.915,0.915,0.005,0.07,0.005,0.005,predicted_bll
4FGL J0800.9+0733,unass,AGN,0.915,0.915,0.0,0.02,0.01,0.055,predicted_bll
4FGL J2147.1-0334,unass,AGN,0.915,0.915,0.015,0.045,0.0,0.025,predicted_bll
4FGL J1408.0+3834,unass,AGN,0.915,0.915,0.0,0.03,0.02,0.035,predicted_bll
4FGL J2335.4-2345,unass,AGN,0.915,0.915,0.005,0.035,0.035,0.01,predicted_bcu
4FGL J1419.5+2527,unass,AGN,0.915,0.915,0.065,0.0,0.02,0.0,predicted_bcu
4FGL J0246.0-4838,unass,AGN,0.915,0.915,0.005,0.03,0.0,0.05,predicted_bcu
4FGL J0128.8-4626,unass,AGN,0.915,0.915,0.005,0.03,0.035,0.015,predicted_bcu
4FGL J1011.1-4420,unk,AGN,0.915,0.915,0.02,0.045,0.015,0.005,predicted_bll
4FGL J0947.8-4234,unass,AGN,0.915,0.915,0.02,0.025,0.005,0.035,predicted_bcu
4FGL J0207.2-1832,unass,AGN,0.915,0.915,0.025,0.04,0.0,0.02,predicted_bcu
4FGL J1444.5+1922,unass,AGN,0.9108,0.9108,0.0,0.02,0.0692,0.0,predicted_bll
4FGL J2041.1-6138,unass,AGN,0.9105,0.9105,0.0,0.05,0.0295,0.01,predicted_bll
4FGL J1727.1+5955,unass,AGN,0.9102,0.9102,0.0,0.04,0.0348,0.015,predicted_bll
4FGL J0009.1-5012,unass,AGN,0.91,0.91,0.015,0.04,0.0,0.035,predicted_fsrq
4FGL J2036.4-0607,unass,AGN,0.91,0.91,0.01,0.045,0.015,0.02,predicted_bll
4FGL J0558.7-4957,unass,AGN,0.91,0.91,0.03,0.025,0.005,0.03,predicted_fsrq
4FGL J0045.8-1324,unass,AGN,0.91,0.91,0.015,0.07,0.005,0.0,predicted_bcu
4FGL J2133.1-6432,unass,Pulsar,0.91,0.01,0.03,0.05,0.0,0.91,predicted_msp
4FGL J1059.4+2148,unass,AGN,0.91,0.91,0.0,0.035,0.005,0.05,predicted_bcu
4FGL J0607.9-1904,unass,AGN,0.91,0.91,0.005,0.08,0.0,0.005,predicted_bll
4FGL J0514.1-2437,unass,AGN,0.91,0.91,0.015,0.03,0.015,0.03,predicted_bcu
4FGL J2328.0-2557,unass,AGN,0.91,0.91,0.01,0.035,0.005,0.04,predicted_bcu
4FGL J1745.8-3028e,unk,Galactic,0.91,0.08,0.0,0.91,0.01,0.0,predicted_galactic
4FGL J0953.6-1509,unass,Pulsar,0.91,0.005,0.06,0.025,0.0,0.91,predicted_msp
4FGL J1536.8-4327,unass,AGN,0.91,0.91,0.03,0.015,0.0,0.045,predicted_fsrq
4FGL J1651.7-7241,unass,AGN,0.91,0.91,0.0,0.08,0.005,0.005,predicted_bll
4FGL J1538.9+0425,unass,AGN,0.91,0.91,0.02,0.05,0.005,0.015,predicted_bcu
4FGL J1411.6+2913,unass,AGN,0.91,0.91,0.015,0.04,0.005,0.03,predicted_bcu
4FGL J2203.3-5009,unass,AGN,0.91,0.91,0.025,0.04,0.0,0.025,predicted_fsrq
4FGL J0026.1-0732,unass,AGN,0.91,0.91,0.0,0.045,0.005,0.04,predicted_bll
4FGL J2120.8-2329,unass,AGN,0.91,0.91,0.02,0.035,0.02,0.015,predicted_bcu
4FGL J0730.5+6720,unass,AGN,0.91,0.91,0.04,0.035,0.0,0.015,predicted_fsrq
4FGL J0625.5+7029,unass,AGN,0.91,0.91,0.0,0.06,0.015,0.015,predicted_bll
4FGL J0536.1-1205,unass,AGN,0.91,0.91,0.0,0.06,0.01,0.02,predicted_bll
4FGL J0631.0+5626,unass,AGN,0.91,0.91,0.0,0.06,0.0,0.03,predicted_bll
4FGL J2337.7-2903,unass,AGN,0.91,0.91,0.0,0.06,0.02,0.01,predicted_bll
4FGL J1557.2+3822,unass,AGN,0.91,0.91,0.0,0.05,0.005,0.035,predicted_bll
4FGL J1109.8+4406,unass,AGN,0.91,0.91,0.005,0.01,0.02,0.055,predicted_fsrq
4FGL J0543.5-8741,unass,AGN,0.91,0.91,0.03,0.025,0.02,0.015,predicted_bll
4FGL J1432.1+5020,unass,AGN,0.91,0.91,0.0,0.035,0.02,0.035,predicted_bll
4FGL J2302.4-3545,unass,AGN,0.91,0.91,0.0,0.045,0.0,0.045,predicted_fsrq
4FGL J0615.1-1901,unass,AGN,0.9075,0.9075,0.055,0.03,0.0,0.0075,predicted_bll
4FGL J0300.0-5908,unass,AGN,0.9052,0.9052,0.0,0.01,0.0848,0.0,predicted_bll
4FGL J0800.1-5531,unass,AGN,0.905,0.905,0.005,0.075,0.01,0.005,predicted_bll
4FGL J2030.3-5038,unass,AGN,0.905,0.905,0.0,0.09,0.005,0.0,predicted_bll
4FGL J0435.2-1507,unass,AGN,0.905,0.905,0.05,0.01,0.015,0.02,predicted_bcu
4FGL J2321.9-4842,unass,AGN,0.905,0.905,0.005,0.075,0.01,0.005,predicted_bll
4FGL J1845.8-0236c,unass,Galactic,0.905,0.015,0.04,0.905,0.0,0.04,predicted_galactic
4FGL J1102.1+1318,unass,AGN,0.905,0.905,0.0,0.05,0.02,0.025,predicted_bcu
4FGL J0524.1+6017,unass,AGN,0.905,0.905,0.005,0.07,0.015,0.005,predicted_bll
4FGL J0651.9-4330,unass,AGN,0.905,0.905,0.02,0.05,0.005,0.02,predicted_fsrq
4FGL J0946.7+0548,unass,AGN,0.905,0.905,0.0,0.02,0.025,0.05,predicted_bcu
4FGL J1452.0-4148,unass,AGN,0.905,0.905,0.005,0.07,0.02,0.0,predicted_bll
4FGL J2350.0+2622,unass,AGN,0.905,0.905,0.02,0.05,0.025,0.0,predicted_bll
4FGL J2316.8-2518,unass,AGN,0.905,0.905,0.0,0.04,0.0,0.055,predicted_bcu
4FGL J0531.5-7823,unass,AGN,0.905,0.905,0.02,0.035,0.015,0.025,predicted_fsrq
4FGL J2041.1+4736,unass,Pulsar,0.9048,0.0,0.0203,0.0749,0.0,0.9048,predicted_psr
4FGL J2152.5-0607,unass,AGN,0.9,0.9,0.02,0.04,0.0,0.04,predicted_fsrq
4FGL J2112.5-3043,unass,Pulsar,0.9,0.025,0.025,0.05,0.0,0.9,predicted_msp
4FGL J2058.6+0550,unass,AGN,0.9,0.9,0.005,0.06,0.005,0.03,predicted_bcu
4FGL J0959.1+5719,unass,AGN,0.9,0.9,0.005,0.055,0.025,0.015,predicted_bcu
4FGL J2159.6-4620,unass,AGN,0.9,0.9,0.005,0.095,0.0,0.0,predicted_bll
4FGL J2042.7+1519,unass,AGN,0.9,0.9,0.01,0.065,0.005,0.02,predicted_bll
4FGL J0000.3-7355,unass,AGN,0.9,0.9,0.02,0.06,0.0,0.02,predicted_bll
4FGL J0104.8-2215,unass,AGN,0.9,0.9,0.055,0.01,0.0,0.035,predicted_bcu
4FGL J0500.9-5213,unass,AGN,0.9,0.9,0.005,0.035,0.035,0.025,predicted_bll
4FGL J1620.9+0021,unass,AGN,0.9,0.9,0.01,0.03,0.015,0.045,predicted_bcu
4FGL J1209.2-7635,unass,AGN,0.9,0.9,0.005,0.065,0.01,0.02,predicted_bll
4FGL J1827.2+4303,unass,AGN,0.9,0.9,0.01,0.03,0.03,0.03,predicted_bcu
4FGL J2016.3+4953,unk,AGN,0.9,0.9,0.005,0.045,0.015,0.035,predicted_bll
4FGL J1220.5-2745,unass,AGN,0.9,0.9,0.0,0.01,0.01,0.08,predicted_fsrq
4FGL J1444.1+7601,unass,AGN,0.9,0.9,0.005,0.03,0.03,0.035,predicted_bll
4FGL J0124.0+3035,unass,AGN,0.9,0.9,0.035,0.035,0.005,0.025,predicted_fsrq
4FGL J1630.1+1836,unass,AGN,0.9,0.9,0.015,0.02,0.05,0.015,predicted_bcu
4FGL J1721.4+2529,unass,AGN,0.9,0.9,0.01,0.055,0.005,0.03,predicted_fsrq
4FGL J1153.2+0123,unass,AGN,0.9,0.9,0.03,0.015,0.055,0.0,predicted_bll
4FGL J1554.2+2008,unass,AGN,0.9,0.9,0.0,0.07,0.03,0.0,predicted_bll
4FGL J1335.6-4052,unass,AGN,0.9,0.9,0.015,0.03,0.035,0.02,predicted_bll
4FGL J1405.9-1853,unass,AGN,0.9,0.9,0.015,0.05,0.025,0.01,predicted_bll
4FGL J0243.1-4218,unass,AGN,0.9,0.9,0.01,0.03,0.0,0.06,predicted_bcu
4FGL J1641.5+2017,unass,AGN,0.9,0.9,0.0,0.05,0.05,0.0,predicted_bll
4FGL J1705.5+2907,unass,AGN,0.9,0.9,0.02,0.03,0.015,0.035,predicted_fsrq
4FGL J0008.9+2509,unass,AGN,0.9,0.9,0.005,0.055,0.01,0.03,predicted_fsrq
4FGL J1716.1+2309,unass,AGN,0.9,0.9,0.0,0.06,0.0,0.04,predicted_bll
4FGL J0230.3+1713,unass,AGN,0.9,0.9,0.015,0.05,0.0,0.035,predicted_fsrq
4FGL J1720.6+0708,unass,Pulsar,0.8999,0.015,0.065,0.0151,0.005,0.8999,predicted_msp
4FGL J1537.2+2635,unass,AGN,0.8951,0.8951,0.0,0.03,0.0199,0.055,predicted_fsrq
4FGL J0126.8+2412,unass,AGN,0.895,0.895,0.08,0.02,0.0,0.005,predicted_fsrq
4FGL J0420.6-4802,unass,AGN,0.895,0.895,0.01,0.09,0.005,0.0,predicted_bll
4FGL J0444.8-3514,unass,AGN,0.895,0.895,0.045,0.05,0.005,0.005,predicted_fsrq
4FGL J1342.0+1043,unass,AGN,0.895,0.895,0.0,0.04,0.05,0.015,predicted_bll
4FGL J1106.2+7303,unass,AGN,0.895,0.895,0.02,0.05,0.01,0.025,predicted_fsrq
4FGL J2323.9+2519,unass,AGN,0.895,0.895,0.02,0.03,0.02,0.035,predicted_bll
4FGL J1451.6-3726,unass,AGN,0.895,0.895,0.04,0.025,0.02,0.02,predicted_bcu
4FGL J0807.2+3312,unass,AGN,0.895,0.895,0.0,0.035,0.02,0.05,predicted_bll
4FGL J1346.5+3646,unass,AGN,0.895,0.895,0.0,0.0,0.105,0.0,predicted_bll
4FGL J0155.5+2920,unass,AGN,0.895,0.895,0.01,0.05,0.025,0.02,predicted_bcu
4FGL J1532.3-3857,unass,AGN,0.895,0.895,0.015,0.08,0.005,0.005,predicted_bll
4FGL J0850.4-2558,unass,AGN,0.895,0.895,0.02,0.03,0.03,0.025,predicted_bcu
4FGL J1231.8-0450,unass,AGN,0.895,0.895,0.08,0.025,0.0,0.0,predicted_bll
4FGL J0505.8-1923,unass,AGN,0.895,0.895,0.0,0.065,0.005,0.035,predicted_bll
4FGL J0046.7-7048,unass,AGN,0.895,0.895,0.005,0.07,0.01,0.02,predicted_bll
4FGL J1017.4+5956,unass,AGN,0.895,0.895,0.005,0.035,0.015,0.05,predicted_bcu
4FGL J0021.7+4533,unass,AGN,0.895,0.895,0.0,0.035,0.01,0.06,predicted_bcu
4FGL J2237.6-5126,unass,AGN,0.895,0.895,0.065,0.03,0.0,0.01,predicted_fsrq
4FGL J1129.1-5230,unass,AGN,0.895,0.895,0.065,0.025,0.005,0.01,predicted_bll
4FGL J1123.8-4552,unass,AGN,0.8941,0.8941,0.025,0.0101,0.0608,0.01,predicted_bcu
4FGL J0453.3+2843,unass,AGN,0.8904,0.8904,0.0746,0.015,0.0,0.02,predicted_fsrq
4FGL J2309.0+5425,unk,AGN,0.89,0.89,0.0,0.07,0.03,0.01,predicted_bll
4FGL J1109.4-6115e,unass,Galactic,0.89,0.08,0.005,0.89,0.0,0.025,predicted_galactic
4FGL J0245.0+4755,unass,AGN,0.89,0.89,0.03,0.055,0.005,0.02,predicted_bcu
4FGL J0209.8+2626,unass,AGN,0.89,0.89,0.02,0.03,0.04,0.02,predicted_bcu
4FGL J1318.8+2534,unass,AGN,0.89,0.89,0.005,0.055,0.015,0.035,predicted_bcu
4FGL J1403.7+1513,unass,AGN,0.89,0.89,0.0,0.055,0.02,0.035,predicted_bll
4FGL J1428.4+0538,unass,AGN,0.89,0.89,0.005,0.035,0.02,0.05,predicted_bll
4FGL J1152.1-3553,unass,AGN,0.89,0.89,0.025,0.045,0.01,0.03,predicted_fsrq
4FGL J0502.2+3016,unass,AGN,0.89,0.89,0.005,0.08,0.02,0.005,predicted_bll
4FGL J2307.8-1655,unass,AGN,0.89,0.89,0.015,0.075,0.005,0.015,predicted_bcu
4FGL J1036.5-1809,unass,AGN,0.89,0.89,0.0,0.04,0.005,0.065,predicted_fsrq
4FGL J0550.3-6107,unass,AGN,0.89,0.89,0.01,0.045,0.035,0.02,predicted_bcu
4FGL J1706.8+1319,unass,AGN,0.89,0.89,0.01,0.045,0.0,0.055,predicted_fsrq
4FGL J2012.1-5234,unass,AGN,0.89,0.89,0.01,0.085,0.01,0.005,predicted_bll
4FGL J2024.0+3202,unk,AGN,0.89,0.89,0.01,0.06,0.01,0.03,predicted_bll
4FGL J0037.2-2653,unass,AGN,0.89,0.89,0.005,0.03,0.005,0.07,predicted_bcu
4FGL J0813.9+0124,unass,AGN,0.89,0.89,0.005,0.085,0.0,0.02,predicted_bcu
4FGL J0122.4-1509,unass,AGN,0.89,0.89,0.01,0.04,0.0,0.06,predicted_bll
4FGL J2006.0-6538,unass,AGN,0.89,0.89,0.0,0.025,0.085,0.0,predicted_bll
4FGL J2152.9-3930,unass,AGN,0.89,0.89,0.0,0.105,0.0,0.005,predicted_bll
4FGL J0649.6-4017,unass,AGN,0.8884,0.8884,0.0,0.025,0.0646,0.022,predicted_bll
4FGL J2337.7+1449c,unass,AGN,0.8864,0.8864,0.005,0.0251,0.0685,0.015,predicted_bll
4FGL J0138.5+0300,unass,AGN,0.8861,0.8861,0.01,0.053,0.0299,0.021,predicted_bcu
4FGL J2021.2+4858,unk,AGN,0.8853,0.8853,0.005,0.0997,0.005,0.005,predicted_bll
4FGL J0635.7+3113,unass,AGN,0.8852,0.8852,0.015,0.05,0.0398,0.01,predicted_bll
4FGL J1417.3+6059,unass,AGN,0.8851,0.8851,0.0,0.01,0.1049,0.0,predicted_bll
4FGL J1125.1+4811,unass,AGN,0.885,0.885,0.01,0.0,0.095,0.01,predicted_bll
4FGL J1713.0-0521,unass,AGN,0.885,0.885,0.03,0.03,0.005,0.05,predicted_fsrq
4FGL J0120.1+0505,unass,AGN,0.885,0.885,0.02,0.03,0.035,0.03,predicted_bcu
4FGL J0025.0-2320,unass,AGN,0.885,0.885,0.005,0.04,0.0,0.07,predicted_bll
4FGL J2218.8+0905,unass,AGN,0.885,0.885,0.0,0.07,0.015,0.03,predicted_bll
4FGL J0637.3-6220,unass,AGN,0.885,0.885,0.005,0.06,0.025,0.025,predicted_bll
4FGL J0625.3-1144,unass,AGN,0.885,0.885,0.065,0.04,0.0,0.01,predicted_fsrq
4FGL J1959.3-6121,unass,AGN,0.885,0.885,0.005,0.045,0.055,0.01,predicted_bll
4FGL J1847.9+5022,unass,AGN,0.885,0.885,0.03,0.05,0.005,0.03,predicted_fsrq
4FGL J0544.7+7124,unass,AGN,0.885,0.885,0.01,0.03,0.01,0.065,predicted_fsrq
4FGL J0253.3+5132,unk,AGN,0.885,0.885,0.0,0.1,0.0,0.015,predicted_bll
4FGL J0225.5-5530,unass,AGN,0.884,0.884,0.01,0.0201,0.0659,0.02,predicted_bll
4FGL J1105.3-0626,unass,AGN,0.8803,0.8803,0.005,0.025,0.0797,0.01,predicted_bll
4FGL J0644.4-1401,unk,AGN,0.8803,0.8803,0.015,0.0547,0.015,0.035,predicted_bll
4FGL J1655.6+0317,unass,AGN,0.8801,0.8801,0.0,0.06,0.0599,0.0,predicted_bll
4FGL J0125.8-6348,unass,AGN,0.88,0.88,0.015,0.07,0.005,0.03,predicted_bcu
4FGL J0308.9-4702,unass,AGN,0.88,0.88,0.005,0.105,0.005,0.005,predicted_bll
4FGL J1729.0+6103,unass,AGN,0.88,0.88,0.03,0.04,0.005,0.045,predicted_bcu
4FGL J0157.6+1012,unass,AGN,0.88,0.88,0.01,0.09,0.005,0.015,predicted_bcu
4FGL J0403.3+1249,unass,AGN,0.88,0.88,0.0,0.09,0.025,0.005,predicted_bll
4FGL J1420.3-0438,unass,AGN,0.88,0.88,0.01,0.01,0.085,0.015,predicted_bcu
4FGL J2057.6-7829,unass,AGN,0.88,0.88,0.0,0.105,0.0,0.015,predicted_bll
4FGL J2138.9-0408,unass,AGN,0.88,0.88,0.015,0.01,0.01,0.085,predicted_bll
4FGL J2151.2-4034,unass,AGN,0.88,0.88,0.0,0.095,0.0,0.025,predicted_bll
4FGL J1125.8-4004,unass,AGN,0.88,0.88,0.005,0.025,0.09,0.0,predicted_bll
4FGL J1358.7+2355,unass,AGN,0.88,0.88,0.0,0.055,0.055,0.01,predicted_bll
4FGL J0528.3+1817,unk,AGN,0.88,0.88,0.0,0.085,0.015,0.02,predicted_bll
4FGL J0535.3+0934,unass,AGN,0.88,0.88,0.055,0.03,0.0,0.035,predicted_fsrq
4FGL J1231.3+3353,unass,AGN,0.88,0.88,0.005,0.045,0.06,0.01,predicted_bll
4FGL J1226.5+3023,unass,AGN,0.88,0.88,0.01,0.04,0.04,0.03,predicted_bcu
4FGL J2316.7-3144,unass,AGN,0.88,0.88,0.005,0.055,0.035,0.025,predicted_bll
4FGL J0821.0-0651,unass,AGN,0.88,0.88,0.045,0.02,0.045,0.01,predicted_bll
4FGL J1619.3-5047,unass,Galactic,0.8799,0.005,0.02,0.8799,0.0,0.0951,predicted_galactic
4FGL J0024.1+7909,unass,AGN,0.8795,0.8795,0.0,0.02,0.1005,0.0,predicted_bll
4FGL J1449.4-6026,unk,Galactic,0.8785,0.0252,0.0153,0.8785,0.0051,0.076,predicted_galactic
4FGL J1908.8-0131,unass,Pulsar,0.8781,0.005,0.04,0.0769,0.0,0.8781,predicted_msp
4FGL J1003.2-5737c,unass,Galactic,0.878,0.0102,0.0601,0.878,0.0002,0.0515,predicted_galactic
4FGL J1728.0-3550,unass,Galactic,0.878,0.0604,0.0052,0.878,0.0102,0.0463,predicted_galactic
4FGL J0337.9+4058,unass,AGN,0.8775,0.8775,0.005,0.0725,0.01,0.035,predicted_bll
4FGL J1151.2-2929,unass,AGN,0.8753,0.8753,0.0,0.025,0.0997,0.0,predicted_bll
4FGL J1122.0-0231,unass,AGN,0.8751,0.8751,0.065,0.015,0.0449,0.0,predicted_bcu
4FGL J1018.4+2210,unass,AGN,0.8751,0.8751,0.015,0.07,0.0249,0.015,predicted_bll
4FGL J1243.7+1727,unass,AGN,0.875,0.875,0.0,0.01,0.115,0.0,predicted_bll
4FGL J1539.4-3323,unass,Pulsar,0.875,0.04,0.01,0.07,0.005,0.875,predicted_msp
4FGL J2058.5-1833,unass,AGN,0.875,0.875,0.02,0.1,0.0,0.005,predicted_bll
4FGL J2343.0-4756,unass,AGN,0.875,0.875,0.01,0.085,0.02,0.01,predicted_bll
4FGL J1925.3+3705,unk,AGN,0.875,0.875,0.06,0.055,0.005,0.005,predicted_bll
4FGL J0955.2+4725,unass,AGN,0.875,0.875,0.02,0.025,0.045,0.035,predicted_bll
4FGL J0655.5+1552,unass,AGN,0.875,0.875,0.025,0.06,0.0,0.04,predicted_fsrq
4FGL J0553.9-5048,unass,AGN,0.875,0.875,0.01,0.075,0.005,0.035,predicted_bll
4FGL J2324.5+7950,unass,AGN,0.875,0.875,0.015,0.04,0.005,0.065,predicted_fsrq
4FGL J0903.6-5025,unass,AGN,0.875,0.875,0.01,0.105,0.0,0.01,predicted_bll
4FGL J0022.0-5921,unass,AGN,0.875,0.875,0.01,0.06,0.025,0.03,predicted_bcu
4FGL J0735.0-7255,unass,AGN,0.875,0.875,0.025,0.045,0.025,0.03,predicted_bcu
4FGL J1627.0+1035,unass,AGN,0.875,0.875,0.015,0.03,0.0,0.08,predicted_bcu
4FGL J2029.3-2409,unass,AGN,0.875,0.875,0.01,0.04,0.01,0.065,predicted_bll
4FGL J0031.5-5648,unass,AGN,0.875,0.875,0.005,0.12,0.0,0.0,predicted_bll
4FGL J2254.4+0108,unass,AGN,0.875,0.875,0.04,0.045,0.015,0.025,predicted_fsrq
4FGL J1537.5+0046,unass,AGN,0.875,0.875,0.01,0.045,0.025,0.045,predicted_bcu
4FGL J0753.2+4319,unass,AGN,0.875,0.875,0.0,0.1,0.02,0.005,predicted_bll
4FGL J2351.4-2818,unass,AGN,0.875,0.875,0.015,0.065,0.015,0.03,predicted_bcu
4FGL J0357.7-6808,unass,AGN,0.875,0.875,0.0,0.105,0.015,0.005,predicted_bll
4FGL J1013.1-4628,unk,AGN,0.875,0.875,0.04,0.065,0.01,0.01,predicted_bll
4FGL J0506.6-4629,unass,AGN,0.875,0.875,0.0,0.025,0.1,0.0,predicted_bll
4FGL J1021.8-6348,unass,AGN,0.875,0.875,0.0,0.06,0.045,0.02,predicted_bll
4FGL J1400.0-2415,unass,Pulsar,0.875,0.04,0.045,0.04,0.0,0.875,predicted_msp
4FGL J0312.7+2012,unass,AGN,0.875,0.875,0.055,0.05,0.015,0.005,predicted_bll
4FGL J1631.7-4826c,unass,Galactic,0.8749,0.035,0.015,0.8749,0.0,0.0751,predicted_galactic
4FGL J1016.1-4247,unass,AGN,0.8708,0.8708,0.0,0.05,0.0792,0.0,predicted_bll
4FGL J2032.9-0005,unass,AGN,0.8704,0.8704,0.0,0.06,0.0546,0.015,predicted_bll
4FGL J0506.3-0620c,unass,AGN,0.8703,0.8703,0.0797,0.03,0.005,0.015,predicted_bcu
4FGL J1148.2-0029,unass,AGN,0.8701,0.8701,0.0747,0.0252,0.01,0.02,predicted_bcu
4FGL J0653.4+1813,unk,AGN,0.87,0.87,0.005,0.07,0.025,0.03,predicted_bcu
4FGL J0700.2-5118,unass,AGN,0.87,0.87,0.0,0.09,0.02,0.02,predicted_bll
4FGL J2144.8-1600,unass,AGN,0.87,0.87,0.01,0.085,0.005,0.03,predicted_bll
4FGL J1122.2+3926,unass,AGN,0.87,0.87,0.0,0.02,0.02,0.09,predicted_bcu
4FGL J1449.3-4300,unass,AGN,0.87,0.87,0.01,0.03,0.01,0.08,predicted_bcu
4FGL J2223.0+2704,unass,AGN,0.87,0.87,0.01,0.035,0.01,0.075,predicted_bll
4FGL J1329.8-1559,unass,AGN,0.87,0.87,0.005,0.07,0.02,0.035,predicted_bll
4FGL J1950.6-5547,unass,AGN,0.87,0.87,0.015,0.085,0.03,0.0,predicted_bll
4FGL J1459.9-2322,unass,AGN,0.87,0.87,0.02,0.04,0.0,0.07,predicted_fsrq
4FGL J0047.3+6943,unk,AGN,0.87,0.87,0.0,0.11,0.015,0.005,predicted_bll
4FGL J2207.3+2746,unass,AGN,0.87,0.87,0.0,0.05,0.04,0.04,predicted_bll
4FGL J1808.4-3358,unass,Pulsar,0.87,0.025,0.005,0.1,0.0,0.87,predicted_pulsar_uncertain
4FGL J1603.3-6010,unass,Pulsar,0.87,0.035,0.06,0.03,0.005,0.87,predicted_msp
4FGL J0425.1-2920,unass,AGN,0.87,0.87,0.05,0.045,0.01,0.025,predicted_bcu
4FGL J0251.6+0628,unass,AGN,0.87,0.87,0.015,0.105,0.0,0.01,predicted_bcu
4FGL J1528.4+2004,unass,AGN,0.87,0.87,0.0,0.065,0.06,0.005,predicted_bll
4FGL J0849.5+2710,unass,AGN,0.87,0.87,0.045,0.02,0.0,0.065,predicted_fsrq
4FGL J1502.7+4120,unass,AGN,0.87,0.87,0.0,0.035,0.075,0.02,predicted_bll
4FGL J1115.1-6118,unass,Galactic,0.8698,0.02,0.015,0.8698,0.0151,0.0801,predicted_galactic
4FGL J1838.0-0516,unass,Galactic,0.8683,0.0451,0.0001,0.8683,0.0001,0.0865,predicted_galactic
4FGL J1114.6+1225,unass,AGN,0.868,0.868,0.005,0.05,0.02,0.057,predicted_bll
4FGL J0042.3+3509,unass,AGN,0.8651,0.8651,0.0,0.045,0.0649,0.025,predicted_bll
4FGL J1905.5-1940,unass,AGN,0.865,0.865,0.005,0.06,0.06,0.01,predicted_bll
4FGL J1256.9+2736,unass,AGN,0.865,0.865,0.01,0.06,0.01,0.055,predicted_bcu
4FGL J1533.7-2130,unass,AGN,0.865,0.865,0.1,0.02,0.01,0.005,predicted_bcu
4FGL J0510.6-5655,unass,AGN,0.865,0.865,0.06,0.03,0.0,0.045,predicted_fsrq
4FGL J1848.7-6307,unass,AGN,0.865,0.865,0.01,0.065,0.045,0.015,predicted_bll
4FGL J1049.6-0153,unass,AGN,0.865,0.865,0.005,0.04,0.005,0.085,predicted_bcu
4FGL J1138.4-3555,unass,AGN,0.865,0.865,0.01,0.045,0.01,0.07,predicted_bcu
4FGL J2124.2+1531,unass,AGN,0.865,0.865,0.045,0.065,0.015,0.01,predicted_bll
4FGL J1605.1+4200,unass,AGN,0.865,0.865,0.005,0.035,0.005,0.09,predicted_bcu
4FGL J0106.1+1131,unass,AGN,0.865,0.865,0.015,0.115,0.005,0.0,predicted_bll
4FGL J2302.1-1446,unass,AGN,0.865,0.865,0.02,0.075,0.0,0.04,predicted_bcu
4FGL J2250.5+3305,unass,Pulsar,0.865,0.03,0.04,0.065,0.0,0.865,predicted_msp
4FGL J1430.6+1543,unass,AGN,0.865,0.865,0.04,0.025,0.005,0.065,predicted_fsrq
4FGL J2210.4-0930,unass,AGN,0.865,0.865,0.01,0.07,0.03,0.025,predicted_bcu
4FGL J2008.4+1619,unass,AGN,0.865,0.865,0.025,0.08,0.01,0.02,predicted_bll
4FGL J0910.1-1816,unass,AGN,0.865,0.865,0.0,0.05,0.03,0.055,predicted_bll
4FGL J1036.3-5833e,unass,Galactic,0.865,0.065,0.02,0.865,0.005,0.045,predicted_galactic
4FGL J0817.7-5258c,unass,AGN,0.865,0.865,0.04,0.055,0.0,0.04,predicted_fsrq
4FGL J0611.4-4722,unass,AGN,0.865,0.865,0.065,0.06,0.01,0.0,predicted_bcu
4FGL J0006.3-1813,unass,AGN,0.8625,0.8625,0.0098,0.0587,0.0447,0.0242,predicted_bll
4FGL J1719.1-5348,unass,AGN,0.8605,0.8605,0.0,0.1095,0.015,0.015,predicted_bll
4FGL J1309.4-7915,unass,AGN,0.8603,0.8603,0.0,0.025,0.1047,0.01,predicted_bll
4FGL J1648.1-1547,unass,AGN,0.8601,0.8601,0.0,0.09,0.0149,0.035,predicted_bll
4FGL J2300.3-6401,unass,AGN,0.86,0.86,0.06,0.045,0.0,0.035,predicted_bcu
4FGL J0827.0-4111c,unass,AGN,0.86,0.86,0.075,0.05,0.01,0.005,predicted_bll
4FGL J0017.1-4605,unass,AGN,0.86,0.86,0.005,0.085,0.005,0.045,predicted_fsrq
4FGL J2304.7+1647,unass,AGN,0.86,0.86,0.085,0.035,0.01,0.01,predicted_bcu
4FGL J1630.0-6121,unass,AGN,0.86,0.86,0.035,0.06,0.015,0.03,predicted_bcu
4FGL J1338.8-4509,unass,AGN,0.86,0.86,0.0,0.075,0.025,0.04,predicted_bll
4FGL J2234.8-2610,unass,AGN,0.86,0.86,0.01,0.06,0.005,0.065,predicted_bll
4FGL J0251.9-5146,unass,AGN,0.86,0.86,0.06,0.055,0.025,0.0,predicted_bcu
4FGL J0518.6+1227,unass,AGN,0.86,0.86,0.015,0.08,0.0,0.045,predicted_fsrq
4FGL J1233.0+1333,unass,AGN,0.86,0.86,0.025,0.045,0.005,0.065,predicted_fsrq
4FGL J0933.8-6232,unass,Pulsar,0.86,0.02,0.05,0.07,0.0,0.86,predicted_msp
4FGL J1621.9+6706,unass,AGN,0.86,0.86,0.01,0.04,0.035,0.055,predicted_bcu
4FGL J0824.1-6004,unass,AGN,0.86,0.86,0.015,0.105,0.01,0.01,predicted_bll
4FGL J1931.1+1656,unass,Pulsar,0.8599,0.01,0.025,0.1051,0.0,0.8599,predicted_psr
4FGL J1100.0-2044,unass,AGN,0.8553,0.8553,0.0,0.02,0.0897,0.035,predicted_bll
4FGL J0845.1-2716,unk,AGN,0.855,0.855,0.01,0.075,0.055,0.005,predicted_bll
4FGL J2014.5-1841,unass,AGN,0.855,0.855,0.02,0.09,0.0,0.035,predicted_fsrq
4FGL J0723.9+5702,unass,AGN,0.855,0.855,0.015,0.085,0.0,0.045,predicted_bcu
4FGL J1009.5-0034,unass,AGN,0.855,0.855,0.015,0.04,0.04,0.05,predicted_bll
4FGL J1927.5+0154,unk,AGN,0.855,0.855,0.005,0.125,0.01,0.005,predicted_bll
4FGL J1903.5-3905,unass,AGN,0.855,0.855,0.055,0.05,0.01,0.03,predicted_bcu
4FGL J0023.6-4209,unass,AGN,0.855,0.855,0.07,0.025,0.015,0.035,predicted_bll
4FGL J2222.1-3907,unass,AGN,0.855,0.855,0.0,0.135,0.005,0.005,predicted_bll
4FGL J1935.0-0553,unass,AGN,0.855,0.855,0.035,0.045,0.0,0.065,predicted_fsrq
4FGL J0158.5+0549,unass,AGN,0.855,0.855,0.035,0.075,0.025,0.01,predicted_bll
4FGL J1058.3+2134,unass,AGN,0.855,0.855,0.005,0.02,0.095,0.025,predicted_bll
4FGL J0600.4+4949,unass,AGN,0.855,0.855,0.005,0.08,0.01,0.05,predicted_bcu
4FGL J1951.3-8015c,unass,AGN,0.855,0.855,0.02,0.025,0.0,0.1,predicted_fsrq
4FGL J1547.0-0442,unass,AGN,0.855,0.855,0.07,0.075,0.0,0.0,predicted_bll
4FGL J0553.5+4810,unass,AGN,0.855,0.855,0.015,0.095,0.0,0.035,predicted_fsrq
4FGL J1124.2-3035,unass,AGN,0.8548,0.8548,0.0,0.07,0.0752,0.0,predicted_bll
4FGL J1626.0-4917c,unass,Galactic,0.8546,0.1102,0.01,0.8546,0.02,0.0052,predicted_galactic
4FGL J1724.8-7854,unass,AGN,0.8545,0.8545,0.0,0.0256,0.1199,0.0,predicted_bll
4FGL J1357.3-6123,unass,Galactic,0.8517,0.0516,0.0101,0.8517,0.0,0.0866,predicted_galactic
4FGL J1628.0-4920,unass,Galactic,0.8509,0.03,0.025,0.8509,0.005,0.0891,predicted_galactic
4FGL J1521.5-2832,unass,AGN,0.8501,0.8501,0.03,0.065,0.0199,0.035,predicted_bcu
4FGL J1619.8-6314,unk,AGN,0.85,0.85,0.045,0.085,0.015,0.005,predicted_bll
4FGL J1748.4+1601,unass,AGN,0.85,0.85,0.01,0.04,0.0,0.1,predicted_bcu
4FGL J1755.9+0953,unass,AGN,0.85,0.85,0.02,0.085,0.015,0.03,predicted_bll
4FGL J0300.0-6139,unass,AGN,0.85,0.85,0.005,0.135,0.005,0.005,predicted_bll
4FGL J0741.0-5226,unass,AGN,0.85,0.85,0.025,0.085,0.015,0.025,predicted_bll
4FGL J1728.9-7930,unass,AGN,0.85,0.85,0.02,0.07,0.0,0.06,predicted_bcu
4FGL J1856.1-1222,unass,AGN,0.85,0.85,0.055,0.055,0.005,0.035,predicted_bll
4FGL J1351.6-6142,unass,Pulsar,0.85,0.015,0.015,0.12,0.0,0.85,predicted_psr
4FGL J0003.3+2511,unass,AGN,0.85,0.85,0.08,0.03,0.0,0.04,predicted_bcu
4FGL J1700.8-7304,unass,AGN,0.85,0.85,0.03,0.065,0.0,0.055,predicted_bcu
4FGL J2330.5-2445,unass,AGN,0.85,0.85,0.03,0.085,0.0,0.035,predicted_bcu
4FGL J1928.5+5339,unass,AGN,0.85,0.85,0.0,0.055,0.025,0.07,predicted_bll
4FGL J2011.0-0614,unass,AGN,0.85,0.85,0.02,0.0949,0.02,0.0151,predicted_bcu
4FGL J0032.3-5539,unass,AGN,0.85,0.85,0.0,0.135,0.015,0.0,predicted_bll
4FGL J1654.7-3639,unass,AGN,0.85,0.85,0.035,0.07,0.005,0.04,predicted_bcu
4FGL J0559.5+7026,unass,AGN,0.85,0.85,0.12,0.02,0.0,0.01,predicted_fsrq
4FGL J1626.1-0342,unass,AGN,0.85,0.85,0.035,0.085,0.01,0.02,predicted_bcu
4FGL J1721.7-3917,unass,Galactic,0.8482,0.0244,0.0052,0.8482,0.0001,0.1222,predicted_galactic
4FGL J1823.3-1340,unass,Pulsar,0.8463,0.01,0.005,0.1387,0.0,0.8463,predicted_psr
4FGL J2055.0-5218,unass,AGN,0.845,0.845,0.03,0.065,0.01,0.05,predicted_bcu
4FGL J2048.4-2517,unass,AGN,0.845,0.845,0.025,0.095,0.005,0.03,predicted_bcu
4FGL J0439.9-0535,unass,AGN,0.845,0.845,0.005,0.125,0.0,0.025,predicted_bll
4FGL J0701.5-2842,unass,AGN,0.845,0.845,0.015,0.095,0.035,0.01,predicted_bll
4FGL J2143.6-0904,unass,AGN,0.845,0.845,0.01,0.13,0.005,0.01,predicted_fsrq
4FGL J1435.4+3338,unass,AGN,0.845,0.845,0.035,0.06,0.005,0.055,predicted_bcu
4FGL J1520.9-3805,unass,AGN,0.845,0.845,0.035,0.07,0.02,0.03,predicted_bcu
4FGL J1849.2+2106,unass,AGN,0.845,0.845,0.07,0.08,0.0,0.005,predicted_bcu
4FGL J0554.2-0259,unass,AGN,0.845,0.845,0.05,0.08,0.01,0.015,predicted_bcu
4FGL J2034.4+7244,unass,AGN,0.845,0.845,0.02,0.045,0.01,0.08,predicted_bcu
4FGL J0528.0-4647,unass,AGN,0.845,0.845,0.08,0.04,0.02,0.015,predicted_bcu
4FGL J1726.6-3524c,unk,Galactic,0.8437,0.0552,0.0108,0.8437,0.0001,0.0902,predicted_galactic
4FGL J1658.3-4637c,unass,Galactic,0.8436,0.0817,0.005,0.8436,0.0101,0.0595,predicted_galactic
4FGL J1626.5-4858c,unass,Galactic,0.842,0.0354,0.0403,0.842,0.0051,0.0773,predicted_galactic
4FGL J1800.9-2407,unass,Galactic,0.8414,0.0455,0.0362,0.8414,0.0,0.0769,predicted_galactic
4FGL J2030.5+2235,unass,AGN,0.8403,0.8403,0.045,0.0797,0.02,0.015,predicted_bll
4FGL J0744.0+5033,unass,AGN,0.8401,0.8401,0.0,0.005,0.1498,0.005,predicted_bll
4FGL J2245.8-4148,unass,AGN,0.84,0.84,0.015,0.085,0.015,0.045,predicted_bll
4FGL J1243.1-5500,unass,AGN,0.84,0.84,0.025,0.115,0.01,0.01,predicted_bll
4FGL J0533.5+1449,unk,AGN,0.84,0.84,0.115,0.035,0.005,0.005,predicted_bll
4FGL J1504.5-0127,unass,AGN,0.84,0.84,0.005,0.11,0.0,0.045,predicted_bcu
4FGL J1824.9-4056,unass,AGN,0.84,0.84,0.0,0.09,0.05,0.02,predicted_bll
4FGL J1827.5+1141,unass,Pulsar,0.84,0.03,0.03,0.1,0.0,0.84,predicted_msp
4FGL J1902.7-3246,unass,AGN,0.84,0.84,0.015,0.09,0.01,0.045,predicted_bcu
4FGL J1431.0-4432,unass,AGN,0.84,0.84,0.015,0.055,0.0,0.09,predicted_bcu
4FGL J0640.4+3307,unass,AGN,0.84,0.84,0.005,0.105,0.02,0.03,predicted_bll
4FGL J1357.9-4907,unass,AGN,0.84,0.84,0.04,0.08,0.03,0.01,predicted_bll
4FGL J1124.1-1203,unass,AGN,0.84,0.84,0.07,0.035,0.0,0.055,predicted_bcu
4FGL J0700.4-4308,unass,AGN,0.84,0.84,0.095,0.045,0.0,0.02,predicted_bcu
4FGL J1535.9+3743,unass,AGN,0.84,0.84,0.11,0.015,0.0,0.035,predicted_fsrq
4FGL J1102.3+6715,unass,AGN,0.84,0.84,0.005,0.05,0.1,0.005,predicted_bll
4FGL J2050.4+1807,unass,AGN,0.84,0.84,0.01,0.03,0.005,0.115,predicted_fsrq
4FGL J1745.3+2338,unass,AGN,0.84,0.84,0.01,0.06,0.085,0.005,predicted_bll
4FGL J1710.0+4629,unass,AGN,0.84,0.84,0.005,0.025,0.025,0.105,predicted_bll
4FGL J2114.2+2132,unass,AGN,0.84,0.84,0.0,0.1,0.01,0.05,predicted_bcu
4FGL J1730.4-0359,unass,Pulsar,0.84,0.0,0.01,0.15,0.0,0.84,predicted_msp
4FGL J0137.3-3239,unass,AGN,0.84,0.84,0.01,0.115,0.005,0.03,predicted_bcu
4FGL J2109.3+3531,unass,AGN,0.84,0.84,0.07,0.055,0.0,0.035,predicted_fsrq
4FGL J1914.7+1012c,unass,Galactic,0.8395,0.0252,0.0208,0.8395,0.0101,0.1044,predicted_galactic
4FGL J1723.7+3600,unass,AGN,0.8368,0.8368,0.0,0.03,0.0832,0.05,predicted_bll
4FGL J1634.0-4742c,unass,Pulsar,0.8355,0.0151,0.0943,0.055,0.0,0.8355,predicted_psr
4FGL J0849.6-5836,unass,AGN,0.835,0.835,0.0,0.075,0.065,0.025,predicted_bll
4FGL J2326.9-4130,unass,AGN,0.835,0.835,0.045,0.095,0.0,0.025,predicted_fsrq
4FGL J1612.1+1407,unass,Pulsar,0.835,0.005,0.015,0.145,0.0,0.835,predicted_msp
4FGL J1059.4+0226,unass,AGN,0.835,0.835,0.025,0.05,0.005,0.085,predicted_bll
4FGL J0733.3-7615,unass,AGN,0.835,0.835,0.0,0.055,0.11,0.0,predicted_bll
4FGL J1744.5-2612,unk,AGN,0.835,0.835,0.055,0.075,0.015,0.02,predicted_bll
4FGL J0642.4+1048,unass,AGN,0.835,0.835,0.065,0.065,0.0,0.035,predicted_fsrq
4FGL J0534.0+3746c,unass,AGN,0.835,0.835,0.005,0.105,0.0,0.055,predicted_fsrq
4FGL J1122.5-1440,unass,AGN,0.835,0.835,0.025,0.08,0.0,0.06,predicted_fsrq
4FGL J1110.4-8023,unass,AGN,0.835,0.835,0.045,0.105,0.0,0.015,predicted_bll
4FGL J1502.6+0207,unass,AGN,0.835,0.835,0.0,0.1,0.035,0.03,predicted_bll
4FGL J0944.3-0911,unass,AGN,0.835,0.835,0.0,0.05,0.06,0.055,predicted_bll
4FGL J2302.2+3721,unass,AGN,0.835,0.835,0.01,0.08,0.04,0.035,predicted_fsrq
4FGL J1901.7-0318,unass,AGN,0.835,0.835,0.06,0.1,0.0,0.005,predicted_bll
4FGL J0237.8+5238,unass,Pulsar,0.835,0.035,0.105,0.025,0.0,0.835,predicted_msp
4FGL J1531.6+0406,unass,AGN,0.835,0.835,0.0,0.09,0.015,0.06,predicted_bcu
4FGL J0251.4+4646,unass,AGN,0.835,0.835,0.045,0.075,0.02,0.025,predicted_fsrq
4FGL J1044.5-1439,unass,AGN,0.835,0.835,0.03,0.045,0.035,0.055,predicted_bcu
4FGL J1924.8-1035,unass,Pulsar,0.835,0.06,0.005,0.1,0.0,0.835,predicted_msp
4FGL J0431.1+4433,unass,AGN,0.835,0.835,0.0,0.065,0.085,0.015,predicted_bll
4FGL J0424.8+3117,unass,AGN,0.835,0.835,0.015,0.105,0.01,0.035,predicted_bcu
4FGL J1800.2-2403c,unass,Galactic,0.8349,0.0951,0.005,0.8349,0.015,0.05,predicted_galactic
4FGL J1900.8+0118,unk,Galactic,0.8346,0.0661,0.0003,0.8346,0.0001,0.099,predicted_galactic
4FGL J0639.1-8009,unass,AGN,0.8317,0.8317,0.075,0.0583,0.005,0.03,predicted_fsrq
4FGL J2303.9+5554,unass,AGN,0.83,0.83,0.0,0.145,0.005,0.02,predicted_bll
4FGL J0525.0-0333,unass,AGN,0.83,0.83,0.025,0.135,0.0,0.01,predicted_fsrq
4FGL J0112.0+3442,unass,AGN,0.83,0.83,0.0,0.07,0.01,0.09,predicted_bcu
4FGL J2359.3+1444,unass,AGN,0.83,0.83,0.03,0.03,0.02,0.09,predicted_fsrq
4FGL J1955.3-5032,unass,AGN,0.83,0.83,0.065,0.07,0.01,0.025,predicted_bcu
4FGL J0438.0-7329,unass,AGN,0.83,0.83,0.005,0.115,0.035,0.015,predicted_bll
4FGL J2029.1-3050,unass,AGN,0.83,0.83,0.015,0.075,0.01,0.07,predicted_fsrq
4FGL J2109.8+6315,unass,AGN,0.83,0.83,0.0,0.125,0.035,0.01,predicted_bll
4FGL J0040.2-2725,unass,AGN,0.83,0.83,0.005,0.06,0.015,0.09,predicted_bcu
4FGL J0112.5-0651,unass,AGN,0.83,0.83,0.06,0.085,0.005,0.02,predicted_fsrq
4FGL J0516.3+3753,unass,AGN,0.83,0.83,0.045,0.12,0.0,0.005,predicted_bcu
4FGL J2038.4+4212,unass,Pulsar,0.83,0.025,0.015,0.13,0.0,0.83,predicted_psr
4FGL J2247.5+5812c,unass,AGN,0.83,0.83,0.005,0.155,0.0,0.01,predicted_bcu
4FGL J1140.7-0129,unass,AGN,0.83,0.83,0.0,0.02,0.145,0.005,predicted_bll
4FGL J2209.2+3710,unass,AGN,0.83,0.83,0.035,0.08,0.005,0.05,predicted_fsrq
4FGL J1643.1+1436,unass,AGN,0.83,0.83,0.005,0.075,0.01,0.08,predicted_fsrq
4FGL J2147.4-3854,unass,AGN,0.83,0.83,0.03,0.11,0.005,0.025,predicted_bcu
4FGL J2011.3-0330,unass,AGN,0.83,0.83,0.035,0.09,0.01,0.035,predicted_bcu
4FGL J1838.4-0545,unass,Galactic,0.8297,0.005,0.0152,0.8297,0.005,0.1451,predicted_galactic
4FGL J1619.4-5106c,unass,Galactic,0.8296,0.09,0.015,0.8296,0.0,0.0654,predicted_galactic
4FGL J0754.9-3953,unass,Pulsar,0.8294,0.0206,0.07,0.08,0.0,0.8294,predicted_msp
4FGL J0610.9+2040c,unass,Galactic,0.8288,0.0702,0.005,0.8288,0.0001,0.0959,predicted_galactic
4FGL J1736.3-2929,unass,Galactic,0.8281,0.0703,0.0102,0.8281,0.0001,0.0913,predicted_galactic
4FGL J1353.5-6128,unass,Galactic,0.8281,0.0602,0.0501,0.8281,0.0001,0.0615,predicted_galactic
4FGL J1727.7-3621,unass,Galactic,0.8274,0.0394,0.0202,0.8274,0.0051,0.1079,predicted_galactic
4FGL J1438.7+4849,unass,AGN,0.8265,0.8265,0.0,0.005,0.1684,0.0,predicted_bll
4FGL J1003.7+7049,unass,AGN,0.8256,0.8256,0.0,0.025,0.1444,0.005,predicted_bcu
4FGL J0659.9-2900,unass,AGN,0.8251,0.8251,0.0,0.1092,0.045,0.0206,predicted_bll
4FGL J1841.3-4442,unass,AGN,0.8251,0.8251,0.005,0.08,0.0449,0.045,predicted_bcu
4FGL J1235.9+1136,unass,AGN,0.825,0.825,0.01,0.06,0.04,0.065,predicted_bll
4FGL J1754.1-4333,unass,AGN,0.825,0.825,0.06,0.08,0.01,0.025,predicted_bll
4FGL J0535.6-0405,unass,AGN,0.825,0.825,0.02,0.075,0.01,0.07,predicted_bcu
4FGL J1336.5-4655,unass,AGN,0.825,0.825,0.005,0.11,0.03,0.03,predicted_bll
4FGL J1539.1+1008,unass,AGN,0.825,0.825,0.005,0.08,0.03,0.06,predicted_bcu
4FGL J0110.0-5246,unass,AGN,0.825,0.825,0.095,0.03,0.005,0.045,predicted_bcu
4FGL J1729.3+6931,unass,AGN,0.825,0.825,0.0,0.085,0.025,0.065,predicted_bcu
4FGL J0852.5-3123,unk,AGN,0.825,0.825,0.0,0.135,0.03,0.01,predicted_bll
4FGL J0554.5-4419,unass,AGN,0.825,0.825,0.035,0.13,0.0,0.01,predicted_fsrq
4FGL J1812.4-4417,unass,AGN,0.825,0.825,0.015,0.07,0.0,0.09,predicted_fsrq
4FGL J1731.6+0630,unass,AGN,0.825,0.825,0.07,0.075,0.0,0.03,predicted_fsrq
4FGL J0418.4-4342,unass,AGN,0.825,0.825,0.035,0.1,0.01,0.03,predicted_bll
4FGL J1618.0-5119,unass,Galactic,0.8249,0.06,0.015,0.8249,0.005,0.0951,predicted_galactic
4FGL J1859.3+0058,unass,Galactic,0.8236,0.06,0.02,0.8236,0.01,0.0863,predicted_galactic
4FGL J0601.4-6057,unass,AGN,0.8212,0.8212,0.0465,0.0829,0.0292,0.0202,predicted_bll
4FGL J1223.9-2220,unass,AGN,0.8206,0.8206,0.005,0.085,0.0,0.0894,predicted_bcu
4FGL J1528.4-6729,unk,AGN,0.8201,0.8201,0.02,0.1142,0.02,0.0256,predicted_bll
4FGL J2006.4+1834,unass,AGN,0.82,0.82,0.01,0.12,0.01,0.04,predicted_bll
4FGL J2046.9-5409,unass,AGN,0.82,0.82,0.0,0.1,0.075,0.005,predicted_bll
4FGL J0955.8-4106,unass,AGN,0.82,0.82,0.075,0.065,0.005,0.035,predicted_fsrq
4FGL J2006.4-0354,unass,AGN,0.82,0.82,0.01,0.1,0.005,0.065,predicted_bll
4FGL J1853.8-1107,unass,AGN,0.82,0.82,0.055,0.095,0.005,0.025,predicted_fsrq
4FGL J2257.9+7807,unass,AGN,0.82,0.82,0.01,0.08,0.0,0.09,predicted_fsrq
4FGL J0746.5-4113,unass,AGN,0.82,0.82,0.015,0.105,0.015,0.045,predicted_bll
4FGL J1730.8-1123,unass,AGN,0.82,0.82,0.025,0.135,0.01,0.01,predicted_bll
4FGL J2219.5+4653,unk,AGN,0.82,0.82,0.0,0.105,0.01,0.065,predicted_bll
4FGL J0751.2-0029,unass,AGN,0.82,0.82,0.045,0.07,0.005,0.06,predicted_bcu
4FGL J2147.4-3713,unass,AGN,0.82,0.82,0.015,0.095,0.045,0.025,predicted_bll
4FGL J1511.2-5803,unass,Galactic,0.8188,0.0302,0.0707,0.8188,0.01,0.0703,predicted_galactic
4FGL J1846.9-0227,unk,Galactic,0.8183,0.02,0.0305,0.8183,0.005,0.1261,predicted_galactic
4FGL J1055.6-0719,unass,AGN,0.818,0.818,0.0,0.075,0.03,0.077,predicted_bcu
4FGL J1651.4-4442c,unass,Galactic,0.8178,0.0301,0.0604,0.8178,0.0001,0.0917,predicted_galactic
4FGL J2051.7+5051,unass,Pulsar,0.8164,0.01,0.06,0.1136,0.0,0.8164,predicted_pulsar_uncertain
4FGL J0009.7-1418,unass,AGN,0.815,0.815,0.045,0.095,0.015,0.03,predicted_bcu
4FGL J0551.8-2130,unass,AGN,0.815,0.815,0.05,0.045,0.0,0.09,predicted_bcu
4FGL J0222.8-0133,unass,AGN,0.815,0.815,0.04,0.09,0.03,0.025,predicted_fsrq
4FGL J2240.3-5241,unass,AGN,0.815,0.815,0.03,0.115,0.03,0.01,predicted_bll
4FGL J0439.6-8322,unass,AGN,0.815,0.815,0.025,0.11,0.02,0.03,predicted_bcu
4FGL J0829.3+3729,unass,AGN,0.815,0.815,0.01,0.065,0.005,0.105,predicted_fsrq
4FGL J1048.4-5030,unass,AGN,0.815,0.815,0.02,0.15,0.005,0.01,predicted_bll
4FGL J0442.0-5432,unass,AGN,0.815,0.815,0.05,0.03,0.005,0.1,predicted_fsrq
4FGL J1018.3-0703,unass,AGN,0.815,0.815,0.045,0.08,0.0,0.06,predicted_bcu
4FGL J0725.7-0549,unass,AGN,0.815,0.815,0.0,0.175,0.005,0.005,predicted_bll
4FGL J1417.7-6057,unass,Galactic,0.815,0.085,0.025,0.815,0.005,0.07,predicted_galactic
4FGL J1618.5-6504,unass,AGN,0.815,0.815,0.01,0.14,0.025,0.01,predicted_bll
4FGL J1058.9-6101,unass,Galactic,0.8112,0.0551,0.0151,0.8112,0.015,0.1036,predicted_galactic
4FGL J1321.1-6239,unass,Galactic,0.8109,0.0203,0.0053,0.8109,0.0001,0.1633,predicted_galactic
4FGL J0910.9+6055,unass,AGN,0.8105,0.8105,0.0,0.045,0.0845,0.06,predicted_bll
4FGL J1415.9-1504,unass,AGN,0.8101,0.8101,0.0052,0.08,0.0697,0.035,predicted_bcu
4FGL J1714.9-3324,unass,Galactic,0.81,0.01,0.02,0.81,0.0,0.16,predicted_galactic
4FGL J0529.1-2449c,unass,AGN,0.81,0.81,0.025,0.14,0.01,0.015,predicted_fsrq
4FGL J1229.7-3259,unass,AGN,0.81,0.81,0.01,0.07,0.035,0.075,predicted_bcu
4FGL J0928.3-2713,unass,AGN,0.81,0.81,0.045,0.085,0.015,0.045,predicted_bcu
4FGL J0631.4-1650,unass,AGN,0.81,0.81,0.08,0.065,0.015,0.03,predicted_fsrq
4FGL J0650.6+2055,unk,AGN,0.81,0.81,0.015,0.125,0.045,0.005,predicted_bll
4FGL J1818.5+2533,unass,AGN,0.81,0.81,0.01,0.085,0.0,0.095,predicted_fsrq
4FGL J1652.3+4526,unass,AGN,0.81,0.81,0.01,0.095,0.025,0.06,predicted_bcu
4FGL J2336.2-0715,unass,AGN,0.81,0.81,0.075,0.08,0.005,0.03,predicted_bcu
4FGL J0030.2-5149,unass,AGN,0.81,0.81,0.04,0.1,0.025,0.025,predicted_fsrq
4FGL J0957.3-3851,unass,AGN,0.81,0.81,0.025,0.08,0.015,0.07,predicted_fsrq
4FGL J1334.1-4154,unass,AGN,0.81,0.81,0.04,0.075,0.005,0.07,predicted_bcu
4FGL J1717.8+1955,unass,AGN,0.81,0.81,0.005,0.085,0.01,0.09,predicted_bcu
4FGL J2052.3+4437,unass,Galactic,0.8096,0.0619,0.0102,0.8096,0.0,0.1183,predicted_galactic
4FGL J1728.8-5131,unass,AGN,0.8055,0.8055,0.01,0.1445,0.01,0.03,predicted_bcu
4FGL J0854.8-4504,unass,Pulsar,0.8054,0.005,0.1195,0.065,0.005,0.8054,predicted_psr
4FGL J1901.2-7307,unass,AGN,0.805,0.805,0.07,0.1,0.005,0.02,predicted_fsrq
4FGL J0624.0+0855,unass,AGN,0.805,0.805,0.1,0.08,0.0,0.015,predicted_bll
4FGL J0647.6+4459,unass,AGN,0.805,0.805,0.035,0.055,0.015,0.09,predicted_fsrq
4FGL J1045.7-6414,unk,AGN,0.805,0.805,0.025,0.085,0.0,0.085,predicted_bll
4FGL J1613.1-3840,unass,AGN,0.805,0.805,0.045,0.14,0.005,0.005,predicted_bll
4FGL J1412.1-6631,unass,Pulsar,0.805,0.01,0.04,0.145,0.0,0.805,predicted_msp
4FGL J1805.1-3618,unass,Pulsar,0.805,0.045,0.055,0.095,0.0,0.805,predicted_msp
4FGL J0737.7-8047,unass,AGN,0.805,0.805,0.0,0.19,0.0,0.005,predicted_bll
4FGL J2020.7-4536,unass,AGN,0.805,0.805,0.07,0.065,0.0,0.06,predicted_bll
4FGL J1634.6-4324,unass,AGN,0.805,0.805,0.08,0.07,0.03,0.015,predicted_bll
4FGL J1556.5+1116,unass,AGN,0.805,0.805,0.05,0.055,0.01,0.08,predicted_fsrq
4FGL J2355.2-5247,unass,AGN,0.805,0.805,0.095,0.04,0.0,0.06,predicted_fsrq
4FGL J1309.1-6223,unass,Pulsar,0.8048,0.015,0.035,0.1452,0.0,0.8048,predicted_psr
4FGL J1706.4-4609,unass,Galactic,0.8036,0.0503,0.0001,0.8036,0.0151,0.1309,predicted_galactic
4FGL J1638.4-4715c,unass,Galactic,0.8018,0.0292,0.0351,0.8018,0.0,0.1339,predicted_galactic
4FGL J1928.4+1801c,unk,Galactic,0.8018,0.0205,0.0103,0.8018,0.0001,0.1674,predicted_galactic
4FGL J2027.0+2811,unass,Pulsar,0.8003,0.04,0.0697,0.09,0.0,0.8003,predicted_pulsar_uncertain
4FGL J1951.6+2621,unass,Galactic,0.8002,0.0158,0.0054,0.8002,0.0001,0.1785,predicted_galactic
4FGL J0031.5-4025,unass,AGN,0.8,0.8,0.02,0.14,0.005,0.035,predicted_bcu
4FGL J1454.3-3946,unass,AGN,0.8,0.8,0.06,0.065,0.025,0.05,predicted_bcu
4FGL J1813.5+2819,unass,Pulsar,0.8,0.1,0.055,0.045,0.0,0.8,predicted_msp
4FGL J1821.4+4512,unass,AGN,0.8,0.8,0.01,0.06,0.085,0.045,predicted_bcu
4FGL J1854.9+4054,unass,AGN,0.8,0.8,0.005,0.06,0.085,0.05,predicted_bcu
4FGL J1710.8+1135,unass,AGN,0.8,0.8,0.055,0.09,0.0,0.055,predicted_fsrq
4FGL J0439.4-7424,unass,AGN,0.8,0.8,0.05,0.11,0.005,0.035,predicted_bcu
4FGL J1822.0-3146,unass,AGN,0.8,0.8,0.01,0.145,0.005,0.04,predicted_bll
4FGL J0929.3-4110,unass,AGN,0.8,0.8,0.0,0.14,0.05,0.01,predicted_bll
4FGL J0904.6+5200,unass,AGN,0.8,0.8,0.185,0.0,0.005,0.01,predicted_bcu
4FGL J0644.7-4949,unass,AGN,0.8,0.8,0.035,0.065,0.01,0.09,predicted_bcu
4FGL J2205.8-8254c,unass,AGN,0.8,0.8,0.05,0.045,0.005,0.1,predicted_fsrq
4FGL J2035.3+0557,unass,AGN,0.8,0.8,0.04,0.125,0.0,0.035,predicted_bcu
4FGL J2109.6+3954,unass,AGN,0.8,0.8,0.07,0.115,0.0,0.015,predicted_bll
4FGL J2157.3-3840,unass,AGN,0.8,0.8,0.025,0.14,0.0,0.035,predicted_bll
4FGL J2229.2+6421c,unass,AGN,0.8,0.8,0.095,0.04,0.01,0.055,predicted_bcu
4FGL J1624.1-4941c,unass,Galactic,0.7999,0.0551,0.01,0.7999,0.0,0.1351,ambiguous
4FGL J1620.8-5035c,unass,Galactic,0.7991,0.0952,0.03,0.7991,0.01,0.0657,ambiguous
4FGL J1929.8+1832,unk,Galactic,0.7981,0.0251,0.0001,0.7981,0.0601,0.1166,ambiguous
4FGL J2014.9+1225,unass,AGN,0.795,0.795,0.025,0.13,0.01,0.04,ambiguous
4FGL J0503.8-7508,unass,AGN,0.795,0.795,0.03,0.1,0.015,0.06,ambiguous
4FGL J1541.5-4215,unass,AGN,0.795,0.795,0.005,0.11,0.0,0.09,ambiguous
4FGL J1626.5-4406,unass,AGN,0.795,0.795,0.045,0.085,0.005,0.07,ambiguous
4FGL J0900.2-2549,unass,AGN,0.795,0.795,0.045,0.075,0.005,0.08,ambiguous
4FGL J1514.8+4448,unass,AGN,0.795,0.795,0.085,0.015,0.0,0.105,ambiguous
4FGL J1747.8-0316,unass,AGN,0.795,0.795,0.01,0.135,0.025,0.035,ambiguous
4FGL J2246.4+8426c,unass,AGN,0.795,0.795,0.025,0.035,0.025,0.12,ambiguous
4FGL J1018.1-4051,unass,AGN,0.795,0.795,0.055,0.06,0.0,0.09,ambiguous
4FGL J0340.4+5302,unass,Pulsar,0.795,0.115,0.04,0.05,0.0,0.795,ambiguous
4FGL J1830.8-3132,unass,Pulsar,0.795,0.015,0.025,0.165,0.0,0.795,ambiguous
4FGL J0003.6+3059,unass,Pulsar,0.795,0.145,0.015,0.035,0.01,0.795,ambiguous
4FGL J0140.5-4730,unass,AGN,0.795,0.795,0.115,0.035,0.01,0.045,ambiguous
4FGL J1407.4-0820,unass,AGN,0.795,0.795,0.06,0.085,0.005,0.055,ambiguous
4FGL J1103.0-2447,unass,AGN,0.795,0.795,0.055,0.115,0.005,0.03,ambiguous
4FGL J1902.2+0448,unass,Pulsar,0.7949,0.025,0.03,0.1501,0.0,0.7949,ambiguous
4FGL J1048.5-5923,unass,Pulsar,0.7947,0.0203,0.04,0.09,0.055,0.7947,ambiguous
4FGL J1544.9+3218,unass,AGN,0.7945,0.7945,0.0,0.01,0.1955,0.0,ambiguous
4FGL J1734.0-2933,unass,Galactic,0.7942,0.1002,0.025,0.7942,0.015,0.0655,ambiguous
4FGL J1848.1-0148c,unass,Galactic,0.792,0.0452,0.0251,0.792,0.0001,0.1376,ambiguous
4FGL J1521.5-8057c,unass,AGN,0.79,0.79,0.015,0.115,0.005,0.075,ambiguous
4FGL J1515.5-4242,unass,AGN,0.79,0.79,0.015,0.13,0.01,0.055,ambiguous
4FGL J1335.5-4546,unass,AGN,0.79,0.79,0.015,0.13,0.025,0.04,ambiguous
4FGL J2357.8+6839,unass,AGN,0.79,0.79,0.045,0.12,0.0,0.045,ambiguous
4FGL J0713.8-4820c,unass,AGN,0.79,0.79,0.105,0.07,0.005,0.03,ambiguous
4FGL J1153.7+1857,unass,AGN,0.79,0.79,0.015,0.075,0.02,0.1,ambiguous
4FGL J2039.6+6656c,unass,AGN,0.79,0.79,0.04,0.075,0.015,0.08,ambiguous
4FGL J0506.6+4545,unass,AGN,0.79,0.79,0.05,0.13,0.02,0.01,ambiguous
4FGL J0303.6+6711c,unass,AGN,0.79,0.79,0.04,0.075,0.005,0.09,ambiguous
4FGL J1954.4-3729,unass,AGN,0.79,0.79,0.02,0.075,0.005,0.11,ambiguous
4FGL J0104.6-0818,unass,AGN,0.79,0.79,0.025,0.115,0.01,0.06,ambiguous
4FGL J0039.1+6257,unass,Pulsar,0.7899,0.005,0.085,0.1151,0.005,0.7899,ambiguous
4FGL J1818.0-1339c,unass,Galactic,0.7898,0.0423,0.0211,0.7898,0.0,0.1468,ambiguous
4FGL J1911.3+1055,unass,Galactic,0.7869,0.0852,0.025,0.7869,0.0,0.1028,ambiguous
4FGL J0708.6+1747,unass,AGN,0.786,0.786,0.0,0.0297,0.1673,0.017,ambiguous
4FGL J1001.8+7628,unass,AGN,0.7856,0.7856,0.0,0.0451,0.1643,0.005,ambiguous
4FGL J0959.1-6441,unass,AGN,0.785,0.785,0.0348,0.0702,0.005,0.105,ambiguous
4FGL J1441.4-1934,unass,AGN,0.785,0.785,0.02,0.1,0.02,0.075,ambiguous
4FGL J0957.7-3510,unass,AGN,0.785,0.785,0.05,0.055,0.01,0.1,ambiguous
4FGL J2223.0+2137,unass,AGN,0.785,0.785,0.0,0.125,0.015,0.075,ambiguous
4FGL J0041.3-0048,unass,AGN,0.785,0.785,0.02,0.155,0.005,0.035,ambiguous
4FGL J1602.0-4402,unass,AGN,0.785,0.785,0.095,0.055,0.015,0.05,ambiguous
4FGL J1612.4+0409,unass,AGN,0.785,0.785,0.01,0.055,0.0,0.15,ambiguous
4FGL J2001.5-0958,unass,AGN,0.785,0.785,0.02,0.1,0.015,0.08,ambiguous
4FGL J0918.5+3516,unass,AGN,0.785,0.785,0.0,0.1,0.05,0.065,ambiguous
4FGL J0519.7+1939,unass,AGN,0.785,0.785,0.015,0.135,0.0,0.065,ambiguous
4FGL J1150.7-4613,unass,AGN,0.785,0.785,0.075,0.085,0.025,0.03,ambiguous
4FGL J1209.4-6421c,unass,Galactic,0.7845,0.085,0.085,0.7845,0.0,0.0454,ambiguous
4FGL J1005.5-5708c,unass,Galactic,0.7826,0.0506,0.0551,0.7826,0.0002,0.1116,ambiguous
4FGL J2049.3+4440c,unass,Galactic,0.7815,0.0508,0.0053,0.7815,0.0,0.1623,ambiguous
4FGL J1537.8+2528,unass,AGN,0.7802,0.7802,0.01,0.105,0.0798,0.025,ambiguous
4FGL J1405.0-1544,unass,AGN,0.7801,0.7801,0.06,0.095,0.0049,0.06,ambiguous
4FGL J0409.3+0210,unass,AGN,0.78,0.78,0.11,0.045,0.01,0.055,ambiguous
4FGL J0708.8-3121,unass,AGN,0.78,0.78,0.01,0.115,0.015,0.08,ambiguous
4FGL J1759.1-2347c,unk,Galactic,0.78,0.01,0.025,0.78,0.01,0.175,ambiguous
4FGL J1514.4+2939,unass,AGN,0.78,0.78,0.02,0.035,0.02,0.145,ambiguous
4FGL J0427.4+6433c,unass,AGN,0.78,0.78,0.06,0.135,0.0,0.025,ambiguous
4FGL J1706.7-5525,unass,AGN,0.78,0.78,0.03,0.17,0.005,0.015,ambiguous
4FGL J1857.7-2830,unass,AGN,0.78,0.78,0.02,0.08,0.02,0.1,ambiguous
4FGL J1140.4+0022,unass,AGN,0.78,0.78,0.0,0.095,0.01,0.115,ambiguous
4FGL J1939.7-1242,unass,AGN,0.78,0.78,0.0,0.11,0.005,0.105,ambiguous
4FGL J1002.9-2937,unass,AGN,0.78,0.78,0.135,0.03,0.0,0.055,ambiguous
4FGL J0610.7+3752,unass,AGN,0.78,0.78,0.01,0.07,0.12,0.02,ambiguous
4FGL J0616.5+2235,unass,Galactic,0.78,0.132,0.0,0.78,0.068,0.02,ambiguous
4FGL J2250.6+5809,unass,AGN,0.7755,0.7755,0.04,0.15,0.01,0.0245,ambiguous
4FGL J1055.7+1033,unass,AGN,0.775,0.775,0.0,0.005,0.22,0.0,ambiguous
4FGL J1948.9+3414,unass,Pulsar,0.775,0.09,0.045,0.09,0.0,0.775,ambiguous
4FGL J0128.1+7542,unass,AGN,0.775,0.775,0.005,0.09,0.005,0.125,ambiguous
4FGL J0937.6-3358,unass,AGN,0.775,0.775,0.025,0.055,0.04,0.105,ambiguous
4FGL J2056.1+5925,unk,AGN,0.775,0.775,0.005,0.165,0.04,0.015,ambiguous
4FGL J2129.1-0240,unass,AGN,0.775,0.775,0.055,0.155,0.0,0.015,ambiguous
4FGL J0420.3-0407,unass,AGN,0.775,0.775,0.01,0.17,0.02,0.025,ambiguous
4FGL J1639.2-0946,unass,AGN,0.775,0.775,0.005,0.125,0.01,0.085,ambiguous
4FGL J0030.6+0539,unass,AGN,0.775,0.775,0.06,0.15,0.005,0.01,ambiguous
4FGL J1109.1-4853,unass,AGN,0.775,0.775,0.08,0.025,0.01,0.11,ambiguous
4FGL J0750.5-7519,unass,AGN,0.775,0.775,0.055,0.125,0.0,0.045,ambiguous
4FGL J1730.1-3422,unk,Galactic,0.7749,0.0503,0.0506,0.7749,0.005,0.1192,ambiguous
4FGL J1742.5-2833,unass,Galactic,0.7712,0.1101,0.0001,0.7712,0.0027,0.116,ambiguous
4FGL J1225.9+2951,unass,Pulsar,0.7701,0.065,0.1499,0.015,0.0,0.7701,ambiguous
4FGL J1602.2+2305,unass,Pulsar,0.77,0.085,0.105,0.035,0.005,0.77,ambiguous
4FGL J1635.0-3039,unass,AGN,0.77,0.77,0.025,0.1,0.005,0.1,ambiguous
4FGL J0657.7-5340,unass,AGN,0.77,0.77,0.11,0.09,0.005,0.025,ambiguous
4FGL J0438.2-4243,unass,AGN,0.77,0.77,0.095,0.05,0.03,0.055,ambiguous
4FGL J1322.0-4624,unass,AGN,0.77,0.77,0.005,0.18,0.025,0.02,ambiguous
4FGL J0550.2+0730c,unass,AGN,0.77,0.77,0.045,0.11,0.01,0.065,ambiguous
4FGL J0143.8+4947,unass,AGN,0.77,0.77,0.025,0.165,0.01,0.03,ambiguous
4FGL J1741.4-3046c,unk,Galactic,0.77,0.045,0.02,0.77,0.0,0.165,ambiguous
4FGL J1000.7-4248,unass,AGN,0.77,0.77,0.05,0.08,0.0,0.1,ambiguous
4FGL J1639.8-4642c,unass,Galactic,0.7697,0.0301,0.0701,0.7697,0.0,0.1301,ambiguous
4FGL J1852.5-3450,unass,AGN,0.7693,0.7693,0.0,0.0907,0.005,0.135,ambiguous
4FGL J1737.3-3332,unass,Galactic,0.7675,0.0653,0.0202,0.7675,0.005,0.142,ambiguous
4FGL J1709.4-4339c,unass,Galactic,0.7674,0.0501,0.0102,0.7674,0.0101,0.1622,ambiguous
4FGL J0753.8-4700,unass,AGN,0.7658,0.7658,0.02,0.1306,0.0,0.0836,ambiguous
4FGL J1055.7-1807,unass,AGN,0.7657,0.7657,0.01,0.05,0.1043,0.07,ambiguous
4FGL J0624.7-4903,unass,AGN,0.7651,0.7651,0.025,0.095,0.0299,0.085,ambiguous
4FGL J2035.6+4451,unk,AGN,0.765,0.765,0.02,0.105,0.035,0.075,ambiguous
4FGL J0009.2+1745,unass,AGN,0.765,0.765,0.06,0.105,0.02,0.05,ambiguous
4FGL J0224.8+2937,unass,AGN,0.765,0.765,0.06,0.145,0.015,0.015,ambiguous
4FGL J2040.1-3137,unass,AGN,0.765,0.765,0.07,0.135,0.0,0.03,ambiguous
4FGL J0327.3+2355c,unass,AGN,0.765,0.765,0.005,0.1,0.025,0.105,ambiguous
4FGL J0836.6-6036,unass,AGN,0.765,0.765,0.065,0.15,0.005,0.015,ambiguous
4FGL J1024.5-5329,unk,AGN,0.765,0.765,0.005,0.07,0.14,0.02,ambiguous
4FGL J1711.9-4056c,unass,AGN,0.765,0.765,0.015,0.145,0.065,0.01,ambiguous
4FGL J1423.7-4458,unass,AGN,0.765,0.765,0.09,0.09,0.005,0.05,ambiguous
4FGL J0906.2-5337,unass,AGN,0.765,0.765,0.175,0.05,0.01,0.0,ambiguous
4FGL J0755.9-0515,unass,AGN,0.765,0.765,0.04,0.125,0.01,0.06,ambiguous
4FGL J1546.4-1409,unass,AGN,0.765,0.765,0.005,0.11,0.015,0.105,ambiguous
4FGL J1635.3+4258,unass,AGN,0.765,0.765,0.015,0.03,0.01,0.18,ambiguous
4FGL J1825.9-5614,unass,AGN,0.765,0.765,0.055,0.145,0.0,0.035,ambiguous
4FGL J0026.2+3926,unass,AGN,0.765,0.765,0.06,0.09,0.01,0.075,ambiguous
4FGL J1801.8-2358,unass,Galactic,0.765,0.165,0.035,0.765,0.005,0.03,ambiguous
4FGL J1900.5-5301,unass,AGN,0.765,0.765,0.03,0.135,0.03,0.04,ambiguous
4FGL J1137.3+0535,unass,AGN,0.765,0.765,0.005,0.105,0.04,0.085,ambiguous
4FGL J2008.9+6742c,unass,AGN,0.765,0.765,0.07,0.085,0.025,0.055,ambiguous
4FGL J0528.5+3852,unass,AGN,0.765,0.765,0.07,0.16,0.0,0.005,ambiguous
4FGL J1510.1-5750,unass,Galactic,0.7646,0.1101,0.0251,0.7646,0.005,0.0952,ambiguous
4FGL J1736.9-3525,unk,Galactic,0.7641,0.0951,0.0404,0.7641,0.0001,0.1003,ambiguous
4FGL J1054.7-6008c,unass,Galactic,0.7621,0.1452,0.015,0.7621,0.0067,0.0711,ambiguous
4FGL J2022.6+3716c,unass,Galactic,0.7618,0.0604,0.0104,0.7618,0.0002,0.1673,ambiguous
4FGL J1506.5-5708,unass,Galactic,0.7601,0.035,0.055,0.7601,0.0,0.1498,ambiguous
4FGL J2146.8+4808,unass,AGN,0.76,0.76,0.01,0.175,0.02,0.035,ambiguous
4FGL J0139.2-1705,unass,AGN,0.76,0.76,0.08,0.09,0.0499,0.02,ambiguous
4FGL J0243.3+6319,unass,AGN,0.76,0.76,0.0,0.115,0.095,0.03,ambiguous
4FGL J1635.5+1234,unass,AGN,0.76,0.76,0.0,0.15,0.055,0.035,ambiguous
4FGL J1002.3-2810,unass,AGN,0.76,0.76,0.015,0.11,0.005,0.11,ambiguous
4FGL J0540.6+5540,unass,AGN,0.76,0.76,0.055,0.12,0.025,0.04,ambiguous
4FGL J1732.2-4313,unass,AGN,0.76,0.76,0.075,0.135,0.01,0.02,ambiguous
4FGL J1926.0-3626,unass,AGN,0.76,0.76,0.025,0.165,0.01,0.04,ambiguous
4FGL J1748.4+7059,unass,AGN,0.76,0.76,0.01,0.08,0.03,0.12,ambiguous
4FGL J0731.0+6607,unass,AGN,0.76,0.76,0.0,0.065,0.005,0.17,ambiguous
4FGL J0445.7+1535,unass,AGN,0.76,0.76,0.065,0.14,0.005,0.03,ambiguous
4FGL J1659.2-1443,unass,AGN,0.76,0.76,0.035,0.03,0.02,0.155,ambiguous
4FGL J0826.2-2344,unass,AGN,0.76,0.76,0.01,0.18,0.025,0.025,ambiguous
4FGL J1845.8-2521,unass,Pulsar,0.7596,0.03,0.0252,0.1852,0.0,0.7596,ambiguous
4FGL J1800.2-2952,unass,Galactic,0.7593,0.0301,0.0251,0.7593,0.01,0.1755,ambiguous
4FGL J1328.4-6231,unass,Galactic,0.7588,0.1099,0.04,0.7588,0.0,0.0912,ambiguous
4FGL J1920.9+1408,unk,Galactic,0.7583,0.0202,0.1209,0.7583,0.0,0.1006,ambiguous
4FGL J1714.8-1421,unass,AGN,0.7575,0.7575,0.01,0.1575,0.01,0.065,ambiguous
4FGL J1615.3-1512,unass,AGN,0.7551,0.7551,0.005,0.08,0.0849,0.075,ambiguous
4FGL J0017.4+6506,unass,AGN,0.7551,0.7551,0.0251,0.1701,0.0398,0.01,ambiguous
4FGL J1543.6-0244,unass,Pulsar,0.755,0.06,0.035,0.15,0.0,0.755,ambiguous
4FGL J0957.6-3051,unass,AGN,0.755,0.755,0.025,0.09,0.02,0.11,ambiguous
4FGL J0337.5+2423c,unass,AGN,0.755,0.755,0.09,0.095,0.04,0.02,ambiguous
4FGL J1729.2-3641c,unk,Galactic,0.755,0.1508,0.0542,0.755,0.005,0.035,ambiguous
4FGL J1245.3+3327,unass,AGN,0.755,0.755,0.085,0.095,0.015,0.05,ambiguous
4FGL J1904.6-4100,unass,AGN,0.755,0.755,0.04,0.115,0.025,0.065,ambiguous
4FGL J0140.3+7054,unass,AGN,0.755,0.755,0.005,0.19,0.045,0.005,ambiguous
4FGL J1501.2-6624,unk,AGN,0.755,0.755,0.035,0.15,0.02,0.04,ambiguous
4FGL J0443.9+2921,unass,AGN,0.755,0.755,0.07,0.15,0.0,0.025,ambiguous
4FGL J1842.1+2737,unass,Pulsar,0.755,0.16,0.04,0.04,0.005,0.755,ambiguous
4FGL J1420.9-2431,unass,AGN,0.755,0.755,0.025,0.145,0.005,0.07,ambiguous
4FGL J2037.7-2230,unass,AGN,0.755,0.755,0.005,0.09,0.045,0.105,ambiguous
4FGL J0504.4+1750,unass,AGN,0.755,0.755,0.065,0.11,0.0,0.07,ambiguous
4FGL J1554.4-2759,unass,AGN,0.755,0.755,0.055,0.09,0.0,0.1,ambiguous
4FGL J0011.5+4822,unass,AGN,0.755,0.755,0.05,0.14,0.0,0.055,ambiguous
4FGL J1714.8-3849,unass,Galactic,0.7547,0.0101,0.025,0.7547,0.005,0.2053,ambiguous
4FGL J1657.4-3917c,unass,Galactic,0.754,0.1251,0.025,0.754,0.0251,0.0708,ambiguous
4FGL J1514.1-5805c,unass,Galactic,0.7536,0.0451,0.0652,0.7536,0.0051,0.1309,ambiguous
4FGL J1722.3-4056,unass,AGN,0.75,0.75,0.05,0.165,0.03,0.005,ambiguous
4FGL J1542.2-6542,unass,AGN,0.75,0.75,0.22,0.02,0.0,0.01,ambiguous
4FGL J1018.1-2705,unass,AGN,0.75,0.75,0.035,0.095,0.01,0.11,ambiguous
4FGL J2141.4+0733,unass,AGN,0.75,0.75,0.01,0.12,0.01,0.11,ambiguous
4FGL J2131.6-3714,unass,AGN,0.75,0.75,0.015,0.07,0.025,0.14,ambiguous
4FGL J1836.8-0727,unk,Pulsar,0.75,0.005,0.03,0.205,0.01,0.75,ambiguous
4FGL J2200.0-5059,unass,AGN,0.75,0.75,0.03,0.13,0.01,0.08,ambiguous
4FGL J0853.9-5501,unass,AGN,0.7467,0.7467,0.0898,0.0934,0.005,0.0651,ambiguous
4FGL J1401.2-6116,unass,Galactic,0.7462,0.035,0.005,0.7462,0.01,0.2038,ambiguous
4FGL J2033.0+3900,unass,Pulsar,0.7453,0.07,0.075,0.1097,0.0,0.7453,ambiguous
4FGL J2032.0+0229,unass,AGN,0.745,0.745,0.03,0.19,0.015,0.02,ambiguous
4FGL J1800.3-5237,unass,AGN,0.745,0.745,0.01,0.15,0.03,0.065,ambiguous
4FGL J0700.8+1551,unass,AGN,0.745,0.745,0.015,0.1862,0.02,0.0338,ambiguous
4FGL J0058.1+6915,unass,AGN,0.745,0.745,0.03,0.1149,0.015,0.0951,ambiguous
4FGL J1937.1-0444,unass,AGN,0.745,0.745,0.0,0.165,0.015,0.075,ambiguous
4FGL J2212.4+0708,unass,Pulsar,0.745,0.03,0.12,0.105,0.0,0.745,ambiguous
4FGL J1927.4+0253,unass,AGN,0.745,0.745,0.025,0.095,0.005,0.13,ambiguous
4FGL J1955.8-1657,unass,AGN,0.745,0.745,0.045,0.12,0.02,0.07,ambiguous
4FGL J1502.2-5933,unass,Galactic,0.7449,0.065,0.04,0.7449,0.0,0.15,ambiguous
4FGL J1813.7-1536,unk,Galactic,0.7445,0.1805,0.05,0.7445,0.005,0.0201,ambiguous
4FGL J1832.4-0847,unass,Pulsar,0.743,0.005,0.0153,0.2367,0.0,0.743,ambiguous
4FGL J1036.5-7434c,unass,AGN,0.743,0.743,0.015,0.135,0.03,0.077,ambiguous
4FGL J0636.2-1057,unass,AGN,0.7408,0.7408,0.015,0.1306,0.01,0.1036,ambiguous
4FGL J2321.4+6145c,unass,AGN,0.74,0.74,0.025,0.17,0.02,0.045,ambiguous
4FGL J1215.5-5457,unass,AGN,0.74,0.74,0.06,0.115,0.0,0.085,ambiguous
4FGL J0610.6+5318,unass,AGN,0.74,0.74,0.015,0.135,0.03,0.08,ambiguous
4FGL J2121.8-3412,unass,AGN,0.74,0.74,0.015,0.155,0.015,0.075,ambiguous
4FGL J1814.4+2429,unass,AGN,0.74,0.74,0.005,0.1,0.005,0.15,ambiguous
4FGL J2045.6+2455,unass,AGN,0.74,0.74,0.035,0.15,0.015,0.06,ambiguous
4FGL J2229.3+5348,unk,AGN,0.74,0.74,0.0,0.155,0.065,0.04,ambiguous
4FGL J2007.4-6310,unass,AGN,0.74,0.74,0.055,0.09,0.0,0.115,ambiguous
4FGL J0846.6-4747,unass,AGN,0.74,0.74,0.165,0.07,0.01,0.015,ambiguous
4FGL J1846.9-0247c,unass,Galactic,0.74,0.08,0.025,0.74,0.005,0.15,ambiguous
4FGL J0945.2-3658,unass,AGN,0.74,0.74,0.015,0.11,0.025,0.11,ambiguous
4FGL J1649.2-4513c,unass,Galactic,0.7399,0.08,0.06,0.7399,0.015,0.1051,ambiguous
4FGL J0951.4+2019,unass,AGN,0.7357,0.7357,0.0,0.045,0.2143,0.005,ambiguous
4FGL J1812.9-2713,unass,AGN,0.735,0.735,0.055,0.175,0.015,0.02,ambiguous
4FGL J1527.8+1013,unass,Pulsar,0.735,0.15,0.02,0.08,0.015,0.735,ambiguous
4FGL J2346.2-4322,unass,AGN,0.735,0.735,0.04,0.185,0.0,0.04,ambiguous
4FGL J0158.4+1230,unass,AGN,0.735,0.735,0.14,0.1,0.005,0.02,ambiguous
4FGL J1334.8-3856,unass,AGN,0.735,0.735,0.015,0.185,0.04,0.025,ambiguous
4FGL J0554.0-0839,unass,AGN,0.735,0.735,0.065,0.08,0.01,0.11,ambiguous
4FGL J0408.8+0508,unass,AGN,0.735,0.735,0.12,0.095,0.01,0.04,ambiguous
4FGL J0858.3-5355,unk,AGN,0.735,0.735,0.035,0.185,0.01,0.035,ambiguous
4FGL J1024.5-4543,unk,AGN,0.735,0.735,0.065,0.18,0.015,0.005,ambiguous
4FGL J1607.5-6058,unk,AGN,0.735,0.735,0.01,0.195,0.02,0.04,ambiguous
4FGL J1146.0-6822,unass,AGN,0.735,0.735,0.025,0.085,0.0,0.155,ambiguous
4FGL J1907.7-4037,unass,AGN,0.735,0.735,0.005,0.165,0.015,0.08,ambiguous
4FGL J1737.2-2808,unass,Galactic,0.7347,0.135,0.045,0.7347,0.015,0.0703,ambiguous
4FGL J1723.5-3342c,unass,Galactic,0.7343,0.17,0.0001,0.7343,0.0101,0.0855,ambiguous
4FGL J1729.5-3625c,unass,Galactic,0.7343,0.1752,0.015,0.7343,0.0,0.0755,ambiguous
4FGL J1501.0-6310e,unass,Galactic,0.7342,0.0553,0.035,0.7342,0.1096,0.0659,ambiguous
4FGL J1329.6+4739,unass,AGN,0.7335,0.7335,0.0,0.025,0.2415,0.0,ambiguous
4FGL J1830.1-0212c,unass,Galactic,0.7333,0.0502,0.0101,0.7333,0.005,0.2014,ambiguous
4FGL J1400.5-6147c,unass,Galactic,0.7333,0.0552,0.0101,0.7333,0.0009,0.2004,ambiguous
4FGL J1820.3-1009,unk,Galactic,0.7322,0.0304,0.005,0.7322,0.0252,0.2072,ambiguous
4FGL J1913.5-0923,unass,AGN,0.7305,0.7305,0.02,0.1895,0.005,0.055,ambiguous
4FGL J1926.4+1602,unass,Galactic,0.7301,0.015,0.0099,0.7301,0.0,0.245,ambiguous
4FGL J1720.6-5144,unk,AGN,0.73,0.73,0.0247,0.1901,0.02,0.0352,ambiguous
4FGL J1656.5-2733,unass,Pulsar,0.73,0.075,0.02,0.175,0.0,0.73,ambiguous
4FGL J0336.7-2445,unass,AGN,0.73,0.73,0.03,0.15,0.005,0.085,ambiguous
4FGL J2347.0-5720,unass,AGN,0.73,0.73,0.135,0.065,0.005,0.065,ambiguous
4FGL J1507.9-6228e,unk,Galactic,0.73,0.2649,0.0,0.73,0.0051,0.0,ambiguous
4FGL J1336.9-4611,unass,AGN,0.73,0.73,0.065,0.07,0.0,0.135,ambiguous
4FGL J1916.8-3025,unass,Pulsar,0.73,0.07,0.03,0.165,0.005,0.73,ambiguous
4FGL J1657.7-4520,unass,Galactic,0.7299,0.1951,0.005,0.7299,0.015,0.0551,ambiguous
4FGL J1743.8-3143,unass,Galactic,0.7298,0.17,0.015,0.7298,0.0601,0.0251,ambiguous
4FGL J1700.1-4013c,unk,Galactic,0.729,0.1352,0.0151,0.729,0.005,0.1156,ambiguous
4FGL J1315.7-6220c,unass,Galactic,0.7285,0.0558,0.0251,0.7285,0.005,0.1856,ambiguous
4FGL J1847.5-0859,unass,Galactic,0.7284,0.1303,0.0302,0.7284,0.0151,0.096,ambiguous
4FGL J1741.5-2344,unass,Galactic,0.7282,0.0605,0.01,0.7282,0.0,0.2013,ambiguous
4FGL J1900.7+0426,unass,Galactic,0.7277,0.0556,0.0102,0.7277,0.0,0.2065,ambiguous
4FGL J1828.1-1312,unass,Galactic,0.7273,0.0751,0.0002,0.7273,0.0001,0.1972,ambiguous
4FGL J1750.0-3347,unass,Galactic,0.727,0.1034,0.005,0.727,0.0051,0.1595,ambiguous
4FGL J1922.4+1453c,unass,Galactic,0.7264,0.0479,0.0505,0.7264,0.0,0.1752,ambiguous
4FGL J1112.2-6055,unass,Pulsar,0.725,0.01,0.065,0.2,0.0,0.725,ambiguous
4FGL J0947.0-3548,unass,AGN,0.725,0.725,0.135,0.075,0.005,0.06,ambiguous
4FGL J0207.4+5214,unass,AGN,0.725,0.725,0.105,0.11,0.005,0.055,ambiguous
4FGL J1456.4-7129,unass,AGN,0.725,0.725,0.045,0.145,0.0,0.085,ambiguous
4FGL J1014.6+6126,unass,AGN,0.725,0.725,0.04,0.03,0.0,0.205,ambiguous
4FGL J1513.6-2830,unass,AGN,0.725,0.725,0.04,0.05,0.01,0.175,ambiguous
4FGL J1904.7-0708,unass,Pulsar,0.725,0.055,0.065,0.155,0.0,0.725,ambiguous
4FGL J2017.9-0114,unass,AGN,0.725,0.725,0.02,0.08,0.0,0.175,ambiguous
4FGL J0127.9+1737c,unass,AGN,0.725,0.725,0.075,0.13,0.03,0.04,ambiguous
4FGL J1806.1-3344,unass,AGN,0.725,0.725,0.08,0.13,0.0,0.065,ambiguous
4FGL J1645.4-5514,unass,AGN,0.725,0.725,0.045,0.11,0.0,0.12,ambiguous
4FGL J2035.3+0354,unass,AGN,0.725,0.725,0.01,0.11,0.035,0.12,ambiguous
4FGL J1204.5-5032,unass,Pulsar,0.7249,0.02,0.115,0.14,0.0,0.7249,ambiguous
4FGL J1746.1-2541,unass,Galactic,0.7244,0.06,0.01,0.7244,0.0001,0.2054,ambiguous
4FGL J1610.3-5154c,unass,Galactic,0.724,0.025,0.0852,0.724,0.0,0.1658,ambiguous
4FGL J1648.4-4824,unass,Galactic,0.7237,0.1351,0.015,0.7237,0.0,0.1261,ambiguous
4FGL J1619.5-5014c,unass,Galactic,0.7222,0.0255,0.0053,0.7222,0.0,0.2469,ambiguous
4FGL J1308.7+0347,unass,AGN,0.7219,0.7219,0.0,0.1,0.0281,0.15,ambiguous
4FGL J1420.9-6127c,unass,Galactic,0.7213,0.0653,0.02,0.7213,0.1098,0.0836,ambiguous
4FGL J1912.5+1320,unass,Galactic,0.721,0.097,0.0053,0.721,0.0,0.1768,ambiguous
4FGL J0836.0-5458,unass,AGN,0.72,0.72,0.02,0.145,0.02,0.095,ambiguous
4FGL J1240.8-2918,unass,AGN,0.72,0.72,0.065,0.09,0.015,0.11,ambiguous
4FGL J0555.9+0030,unass,AGN,0.72,0.72,0.035,0.125,0.005,0.115,ambiguous
4FGL J0822.8-4207,unass,AGN,0.72,0.72,0.14,0.1,0.02,0.02,ambiguous
4FGL J1434.1-4931,unass,AGN,0.72,0.72,0.08,0.14,0.0,0.06,ambiguous
4FGL J1516.1-6429,unass,AGN,0.72,0.72,0.02,0.135,0.0,0.125,ambiguous
4FGL J1317.5-6316,unass,Pulsar,0.72,0.01,0.08,0.19,0.0,0.72,ambiguous
4FGL J1922.7+1428c,unass,Pulsar,0.72,0.03,0.075,0.165,0.01,0.72,ambiguous
4FGL J0752.0-2931,unass,Pulsar,0.72,0.035,0.05,0.18,0.015,0.72,ambiguous
4FGL J2219.7-6837,unass,Pulsar,0.72,0.13,0.075,0.075,0.0,0.72,ambiguous
4FGL J1731.4-2932,unass,Galactic,0.72,0.18,0.045,0.72,0.005,0.05,ambiguous
4FGL J1717.5-5804,unass,Pulsar,0.72,0.04,0.085,0.155,0.0,0.72,ambiguous
4FGL J2130.1-8222,unass,AGN,0.72,0.72,0.0051,0.1895,0.015,0.0704,ambiguous
4FGL J0345.2+4735,unass,AGN,0.72,0.72,0.01,0.19,0.035,0.045,ambiguous
4FGL J0521.8+0843,unass,AGN,0.72,0.72,0.04,0.18,0.005,0.055,ambiguous
4FGL J1557.5-5306c,unass,Galactic,0.72,0.166,0.0142,0.72,0.0248,0.075,ambiguous
4FGL J1517.9-5233,unass,Pulsar,0.72,0.0006,0.0117,0.2678,0.0,0.72,ambiguous
4FGL J1613.0-5102,unass,Pulsar,0.72,0.055,0.16,0.065,0.0,0.72,ambiguous
4FGL J1648.4-4554,unass,Galactic,0.7197,0.1101,0.04,0.7197,0.02,0.1103,ambiguous
4FGL J1639.3-5146,unass,Pulsar,0.7195,0.03,0.07,0.1755,0.005,0.7195,ambiguous
4FGL J1405.3-6008,unass,AGN,0.719,0.719,0.0375,0.1413,0.0872,0.015,ambiguous
4FGL J1717.8+3925,unass,AGN,0.7177,0.7177,0.01,0.06,0.1973,0.015,ambiguous
4FGL J0900.5-4434c,unass,Galactic,0.7158,0.1084,0.05,0.7158,0.0,0.1258,ambiguous
4FGL J1752.3-2914,unass,Galactic,0.7152,0.0903,0.0153,0.7152,0.0168,0.1624,ambiguous
4FGL J1049.8+2741,unass,AGN,0.7151,0.7151,0.0,0.0104,0.2745,0.0,ambiguous
4FGL J2116.6-2704,unass,AGN,0.715,0.715,0.025,0.165,0.01,0.085,ambiguous
4FGL J2351.3+3913,unass,AGN,0.715,0.715,0.095,0.165,0.01,0.015,ambiguous
4FGL J0540.9+5046,unass,AGN,0.715,0.715,0.025,0.11,0.01,0.14,ambiguous
4FGL J1616.6-5341,unass,Pulsar,0.715,0.015,0.005,0.265,0.0,0.715,ambiguous
4FGL J1302.2-0032,unass,AGN,0.715,0.715,0.145,0.065,0.0,0.075,ambiguous
4FGL J1930.6-2755,unass,AGN,0.715,0.715,0.07,0.07,0.01,0.135,ambiguous
4FGL J1955.7-0130,unass,AGN,0.715,0.715,0.045,0.17,0.015,0.055,ambiguous
4FGL J1935.5+1407,unass,AGN,0.715,0.715,0.005,0.235,0.015,0.03,ambiguous
4FGL J2156.2+6955,unass,AGN,0.715,0.715,0.08,0.125,0.01,0.07,ambiguous
4FGL J1626.1-5904,unk,AGN,0.715,0.715,0.135,0.125,0.0,0.025,ambiguous
4FGL J0747.2-0736,unass,AGN,0.715,0.715,0.0,0.185,0.06,0.04,ambiguous
4FGL J1418.7-6110,unass,Galactic,0.7144,0.03,0.025,0.7144,0.0603,0.1703,ambiguous
4FGL J1848.6-0202c,unk,Galactic,0.714,0.0258,0.075,0.714,0.0,0.1852,ambiguous
4FGL J1732.0-2659,unass,Galactic,0.7137,0.1211,0.045,0.7137,0.005,0.1152,ambiguous
4FGL J1904.7+0615,unass,Galactic,0.713,0.1057,0.0704,0.713,0.0,0.1109,ambiguous
4FGL J1325.3-5413,unass,Galactic,0.7129,0.1053,0.005,0.7129,0.0,0.1768,ambiguous
4FGL J1831.6-0223c,unass,Galactic,0.7121,0.0301,0.075,0.7121,0.0,0.1828,ambiguous
4FGL J0803.5-5145c,unass,AGN,0.7107,0.7107,0.025,0.1243,0.01,0.13,ambiguous
4FGL J1718.6-0210,unass,AGN,0.7103,0.7103,0.005,0.135,0.1296,0.02,ambiguous
4FGL J0803.2-2522,unass,AGN,0.71,0.71,0.08,0.19,0.01,0.01,ambiguous
4FGL J2146.9-3606,unass,AGN,0.71,0.71,0.03,0.085,0.01,0.165,ambiguous
4FGL J0838.7-3359,unass,AGN,0.71,0.71,0.13,0.105,0.0,0.055,ambiguous
4FGL J0347.0-6400,unass,AGN,0.71,0.71,0.03,0.115,0.01,0.135,ambiguous
4FGL J0512.3+3329,unass,AGN,0.71,0.71,0.03,0.175,0.035,0.05,ambiguous
4FGL J0023.2+8412,unass,AGN,0.71,0.71,0.015,0.045,0.09,0.14,ambiguous
4FGL J0413.1-0304,unass,AGN,0.71,0.71,0.08,0.14,0.02,0.05,ambiguous
4FGL J1800.7-2355,unk,Galactic,0.71,0.075,0.01,0.71,0.0,0.205,ambiguous
4FGL J1318.9-4556,unass,AGN,0.71,0.71,0.035,0.125,0.005,0.125,ambiguous
4FGL J1743.7-4321,unass,Pulsar,0.71,0.035,0.115,0.135,0.005,0.71,ambiguous
4FGL J2021.9+3609,unass,AGN,0.71,0.71,0.03,0.2188,0.005,0.0362,ambiguous
4FGL J0608.6-2305,unass,AGN,0.71,0.71,0.01,0.13,0.005,0.145,ambiguous
4FGL J2225.2+6146,unass,AGN,0.71,0.71,0.015,0.27,0.005,0.0,ambiguous
4FGL J1911.1-3221,unass,AGN,0.71,0.71,0.005,0.11,0.0,0.175,ambiguous
4FGL J1358.0-0050,unass,AGN,0.71,0.71,0.02,0.15,0.005,0.115,ambiguous
4FGL J1819.4-1102,unass,Galactic,0.7098,0.105,0.025,0.7098,0.0,0.1601,ambiguous
4FGL J1738.8-3241,unass,Galactic,0.7088,0.1501,0.01,0.7088,0.0051,0.126,ambiguous
4FGL J1957.6+1230,unass,AGN,0.7053,0.7053,0.02,0.1447,0.035,0.0951,ambiguous
4FGL J1920.7+1334,unass,Galactic,0.7053,0.0811,0.0051,0.7053,0.0001,0.2083,ambiguous
4FGL J0618.4+3150,unass,AGN,0.7051,0.7051,0.0,0.1842,0.09,0.0206,ambiguous
4FGL J1526.3-4501,unass,AGN,0.705,0.705,0.0,0.265,0.02,0.01,ambiguous
4FGL J0059.4-5654,unass,AGN,0.705,0.705,0.215,0.015,0.0,0.065,ambiguous
4FGL J1723.0+2625,unass,AGN,0.705,0.705,0.0,0.11,0.11,0.075,ambiguous
4FGL J1530.0-1522,unass,Pulsar,0.705,0.145,0.025,0.125,0.0,0.705,ambiguous
4FGL J0706.8-4351,unass,AGN,0.705,0.705,0.0,0.21,0.005,0.08,ambiguous
4FGL J2212.9+7921c,unass,AGN,0.705,0.705,0.065,0.085,0.01,0.135,ambiguous
4FGL J1839.4-0553,unk,Pulsar,0.705,0.1,0.11,0.08,0.005,0.705,ambiguous
4FGL J2218.8+4736,unass,Pulsar,0.705,0.045,0.18,0.07,0.0,0.705,ambiguous
4FGL J0751.6-5029c,unass,AGN,0.705,0.705,0.025,0.17,0.01,0.09,ambiguous
4FGL J1756.1-2516,unk,Galactic,0.7046,0.0851,0.045,0.7046,0.01,0.1553,ambiguous
4FGL J1801.0-2802,unass,Galactic,0.7045,0.04,0.005,0.7045,0.0,0.2505,ambiguous
4FGL J1547.9+0445,unass,AGN,0.7019,0.7019,0.0,0.055,0.2381,0.005,ambiguous
4FGL J1028.1-3550,unass,AGN,0.701,0.701,0.005,0.05,0.187,0.057,ambiguous
4FGL J2152.0+4718c,unass,Galactic,0.7009,0.1554,0.0151,0.7009,0.0168,0.112,ambiguous
4FGL J0734.3-4448,unass,AGN,0.7007,0.7007,0.035,0.1502,0.0741,0.04,ambiguous
4FGL J1315.9-6243,unass,Galactic,0.7003,0.0701,0.0438,0.7003,0.0051,0.1806,ambiguous
4FGL J1106.7-1742,unass,Pulsar,0.7002,0.165,0.0598,0.075,0.0,0.7002,ambiguous
4FGL J1744.9-2905,unk,Galactic,0.7,0.01,0.02,0.7,0.005,0.265,ambiguous
4FGL J1651.7-4359,unass,Pulsar,0.7,0.025,0.105,0.17,0.0,0.7,ambiguous
4FGL J1714.3-4320c,unass,Galactic,0.7,0.21,0.04,0.7,0.02,0.03,ambiguous
4FGL J2118.3+4055,unass,AGN,0.7,0.7,0.15,0.115,0.005,0.03,ambiguous
4FGL J2318.6-3827,unass,AGN,0.7,0.7,0.01,0.2,0.015,0.075,ambiguous
4FGL J2036.3+5642c,unass,AGN,0.7,0.7,0.0,0.21,0.025,0.065,ambiguous
4FGL J0529.9-0224,unass,AGN,0.7,0.7,0.055,0.14,0.005,0.1,ambiguous
4FGL J1750.9-2655c,unass,Galactic,0.6999,0.095,0.025,0.6999,0.005,0.1751,ambiguous
4FGL J0837.8-4048c,unass,Galactic,0.6986,0.1445,0.0301,0.6986,0.0109,0.1159,ambiguous
4FGL J1706.4-4649c,unass,Galactic,0.6978,0.1146,0.0151,0.6978,0.015,0.1575,ambiguous
4FGL J1925.1+1707,unass,Galactic,0.6953,0.0552,0.0001,0.6953,0.0152,0.2342,ambiguous
4FGL J0912.4-3257,unass,AGN,0.695,0.695,0.015,0.23,0.02,0.04,ambiguous
4FGL J1838.5+3837,unass,AGN,0.695,0.695,0.005,0.165,0.04,0.095,ambiguous
4FGL J0949.8+7551,unass,AGN,0.695,0.695,0.01,0.065,0.03,0.2,ambiguous
4FGL J1739.5-2929,unass,Galactic,0.695,0.07,0.065,0.695,0.0,0.17,ambiguous
4FGL J0554.8-0011,unass,AGN,0.695,0.695,0.055,0.135,0.01,0.105,ambiguous
4FGL J0543.9-0418,unass,AGN,0.695,0.695,0.16,0.095,0.0,0.05,ambiguous
4FGL J1854.6+3800,unass,AGN,0.695,0.695,0.035,0.115,0.03,0.125,ambiguous
4FGL J1801.3+0554,unass,AGN,0.695,0.695,0.06,0.125,0.01,0.11,ambiguous
4FGL J1230.7-3556,unass,AGN,0.695,0.695,0.045,0.095,0.02,0.145,ambiguous
4FGL J1753.2-2848,unk,Galactic,0.6941,0.0851,0.005,0.6941,0.0,0.2158,ambiguous
4FGL J2024.2+3616,unass,Galactic,0.6939,0.0951,0.07,0.6939,0.015,0.126,ambiguous
4FGL J1726.8-2659,unass,Galactic,0.693,0.19,0.01,0.693,0.0,0.107,ambiguous
4FGL J1620.8-4958c,unass,Galactic,0.6925,0.0459,0.0051,0.6925,0.0,0.2565,ambiguous
4FGL J1926.7-0325,unass,AGN,0.6908,0.6908,0.005,0.2135,0.02,0.0707,ambiguous
4FGL J2129.9+5833e,unass,Galactic,0.6907,0.1052,0.025,0.6907,0.134,0.0451,ambiguous
4FGL J1718.5-4122,unass,Galactic,0.69,0.145,0.015,0.69,0.005,0.145,ambiguous
4FGL J1241.9-6706,unass,AGN,0.69,0.69,0.055,0.12,0.03,0.105,ambiguous
4FGL J0801.0-0618,unass,AGN,0.69,0.69,0.0,0.245,0.015,0.05,ambiguous
4FGL J1754.4-2649,unk,Galactic,0.69,0.15,0.03,0.69,0.03,0.1,ambiguous
4FGL J1824.2-5427,unass,Pulsar,0.69,0.06,0.06,0.19,0.0,0.69,ambiguous
4FGL J0252.3-2707,unass,AGN,0.69,0.69,0.015,0.28,0.005,0.01,ambiguous
4FGL J0559.3+0352,unass,AGN,0.69,0.69,0.03,0.195,0.005,0.08,ambiguous
4FGL J0533.6+5945,unass,Pulsar,0.6899,0.01,0.24,0.06,0.0,0.6899,ambiguous
4FGL J1908.7+0812,unass,Pulsar,0.6898,0.09,0.0997,0.1205,0.0,0.6898,ambiguous
4FGL J0501.7+4459,unass,AGN,0.6896,0.6896,0.0368,0.225,0.0314,0.0171,ambiguous
4FGL J1747.9-3224,unass,Galactic,0.6894,0.08,0.045,0.6894,0.0001,0.1854,ambiguous
4FGL J1852.6+0203,unass,Galactic,0.6889,0.0952,0.0436,0.6889,0.01,0.1622,ambiguous
4FGL J1914.5+1107c,unk,Galactic,0.6881,0.0253,0.015,0.6881,0.005,0.2666,ambiguous
4FGL J1730.5-3543c,unass,Galactic,0.6875,0.0752,0.02,0.6875,0.0001,0.2172,ambiguous
4FGL J0642.9-6501,unass,AGN,0.6856,0.6856,0.0201,0.193,0.015,0.0863,ambiguous
4FGL J1018.2+0145,unass,AGN,0.685,0.685,0.035,0.1,0.065,0.115,ambiguous
4FGL J1401.6-4645,unass,AGN,0.685,0.685,0.065,0.13,0.005,0.115,ambiguous
4FGL J0050.8+3330,unass,AGN,0.685,0.685,0.0,0.155,0.065,0.095,ambiguous
4FGL J0314.1+2827,unass,AGN,0.685,0.685,0.12,0.115,0.03,0.05,ambiguous
4FGL J1927.1-0040,unass,AGN,0.685,0.685,0.025,0.17,0.0,0.12,ambiguous
4FGL J2112.7+5748,unass,AGN,0.685,0.685,0.01,0.25,0.05,0.005,ambiguous
4FGL J2007.0+0707,unass,AGN,0.685,0.685,0.165,0.09,0.02,0.04,ambiguous
4FGL J1900.4+0339,unass,Pulsar,0.685,0.03,0.2,0.085,0.0,0.685,ambiguous
4FGL J1837.9-0620,unass,Galactic,0.685,0.085,0.005,0.685,0.015,0.21,ambiguous
4FGL J1330.2-3946,unass,AGN,0.685,0.685,0.125,0.085,0.005,0.1,ambiguous
4FGL J0426.5+5434,unass,Pulsar,0.685,0.095,0.06,0.16,0.0,0.685,ambiguous
4FGL J1828.2-3252,unass,AGN,0.685,0.685,0.015,0.17,0.0,0.13,ambiguous
4FGL J2328.8+4537,unass,AGN,0.685,0.685,0.015,0.175,0.01,0.115,ambiguous
4FGL J1854.1+0142c,unass,Galactic,0.6847,0.0653,0.0352,0.6847,0.0,0.2149,ambiguous
4FGL J0305.4+5945c,unass,Galactic,0.6847,0.2051,0.015,0.6847,0.0,0.0952,ambiguous
4FGL J1746.5-2019,unass,Galactic,0.6827,0.0454,0.0202,0.6827,0.01,0.2417,ambiguous
4FGL J1008.1-5706c,unk,Galactic,0.6824,0.0903,0.0652,0.6824,0.0001,0.1619,ambiguous
4FGL J1805.3-2734,unass,Galactic,0.6824,0.1151,0.0301,0.6824,0.0001,0.1723,ambiguous
4FGL J0608.8+2034c,unk,Galactic,0.6818,0.0704,0.0253,0.6818,0.0,0.2225,ambiguous
4FGL J1329.9-6108,unass,Pulsar,0.6817,0.02,0.0683,0.23,0.0,0.6817,ambiguous
4FGL J1641.4-4803c,unass,Galactic,0.6805,0.1576,0.066,0.6805,0.0,0.0959,ambiguous
4FGL J1801.6-2326,unass,Pulsar,0.68,0.015,0.06,0.235,0.01,0.68,ambiguous
4FGL J2312.4+8253,unass,AGN,0.68,0.68,0.005,0.16,0.01,0.145,ambiguous
4FGL J1743.1-3049c,unass,Galactic,0.68,0.13,0.045,0.68,0.0,0.145,ambiguous
4FGL J0951.5-3433,unass,AGN,0.68,0.68,0.01,0.1248,0.005,0.1802,ambiguous
4FGL J0622.7+2248,unass,AGN,0.68,0.68,0.04,0.065,0.0,0.215,ambiguous
4FGL J0412.6+2253c,unass,AGN,0.68,0.68,0.09,0.135,0.02,0.075,ambiguous
4FGL J1630.1-1049,unass,Pulsar,0.68,0.085,0.005,0.23,0.0,0.68,ambiguous
4FGL J1726.2-3207,unass,AGN,0.68,0.68,0.11,0.115,0.0,0.095,ambiguous
4FGL J1729.1-3503,unass,Galactic,0.6789,0.04,0.09,0.6789,0.0001,0.1909,ambiguous
4FGL J1324.6-2525,unass,AGN,0.678,0.678,0.0,0.01,0.312,0.0,ambiguous
4FGL J1105.1-2600,unass,AGN,0.678,0.678,0.025,0.105,0.025,0.167,ambiguous
4FGL J1456.7-6050c,unass,AGN,0.6754,0.6754,0.02,0.2796,0.02,0.005,ambiguous
4FGL J1526.9+7358,unass,AGN,0.6752,0.6752,0.0,0.11,0.0898,0.125,ambiguous
4FGL J1848.2-0016,unass,Galactic,0.675,0.02,0.075,0.675,0.0,0.23,ambiguous
4FGL J2130.8+2649,unass,AGN,0.675,0.675,0.03,0.09,0.0,0.205,ambiguous
4FGL J2131.4-1124,unass,AGN,0.675,0.675,0.01,0.165,0.05,0.1,ambiguous
4FGL J2348.6-2054,unass,AGN,0.675,0.675,0.04,0.125,0.02,0.14,ambiguous
4FGL J0300.4+3450,unass,AGN,0.675,0.675,0.05,0.1349,0.04,0.1001,ambiguous
4FGL J1847.2-1633,unass,AGN,0.675,0.675,0.145,0.11,0.015,0.055,ambiguous
4FGL J0620.9+2201,unass,AGN,0.675,0.675,0.01,0.295,0.005,0.015,ambiguous
4FGL J2009.9-2116,unass,AGN,0.675,0.675,0.01,0.11,0.005,0.2,ambiguous
4FGL J2017.3+3525,unass,AGN,0.675,0.675,0.12,0.165,0.005,0.035,ambiguous
4FGL J0903.9-2735,unass,AGN,0.675,0.675,0.045,0.12,0.015,0.145,ambiguous
4FGL J0057.9+6326,unass,AGN,0.675,0.675,0.07,0.22,0.035,0.0,ambiguous
4FGL J1730.5+6018,unass,AGN,0.675,0.675,0.005,0.27,0.005,0.045,ambiguous
4FGL J1749.6-3143c,unass,Galactic,0.6743,0.1154,0.005,0.6743,0.0001,0.2052,ambiguous
4FGL J1701.9-4625,unass,Galactic,0.6739,0.1401,0.0501,0.6739,0.005,0.1309,ambiguous
4FGL J1809.8-2408c,unass,Galactic,0.6732,0.0503,0.0602,0.6732,0.0001,0.2162,ambiguous
4FGL J1752.3-3139,unass,Galactic,0.6728,0.0652,0.115,0.6728,0.0001,0.1469,ambiguous
4FGL J1808.2-1055,unass,Galactic,0.6725,0.131,0.0052,0.6725,0.0,0.1913,ambiguous
4FGL J0159.0-4255,unass,AGN,0.6717,0.6717,0.0517,0.105,0.035,0.1367,ambiguous
4FGL J1026.2-5731,unass,Pulsar,0.67,0.015,0.105,0.18,0.03,0.67,ambiguous
4FGL J0628.5+6218,unass,AGN,0.67,0.67,0.035,0.15,0.015,0.13,ambiguous
4FGL J2022.3+0807,unass,AGN,0.67,0.67,0.07,0.195,0.0,0.065,ambiguous
4FGL J2144.2+7709c,unass,Pulsar,0.67,0.26,0.0,0.07,0.0,0.67,ambiguous
4FGL J1737.3-5300,unass,AGN,0.67,0.67,0.09,0.165,0.0,0.075,ambiguous
4FGL J1551.9-6015,unass,AGN,0.67,0.67,0.05,0.1661,0.005,0.1089,ambiguous
4FGL J0604.9-1042,unass,AGN,0.67,0.67,0.06,0.15,0.005,0.115,ambiguous
4FGL J0425.1+4919,unass,AGN,0.67,0.67,0.05,0.23,0.02,0.03,ambiguous
4FGL J0713.5-2555,unass,AGN,0.67,0.67,0.105,0.135,0.015,0.075,ambiguous
4FGL J1622.2-7202,unass,Pulsar,0.67,0.08,0.13,0.12,0.0,0.67,ambiguous
4FGL J1718.6-5821,unass,AGN,0.67,0.67,0.0,0.17,0.0,0.16,ambiguous
4FGL J1838.3-2148,unk,AGN,0.67,0.67,0.015,0.185,0.055,0.075,ambiguous
4FGL J2004.3+3339,unk,Galactic,0.6691,0.065,0.08,0.6691,0.055,0.1309,ambiguous
4FGL J1752.7-3040,unass,Galactic,0.6686,0.1345,0.01,0.6686,0.0,0.1868,ambiguous
4FGL J1216.8-5955,unass,Galactic,0.6685,0.1153,0.02,0.6685,0.0001,0.1961,ambiguous
4FGL J2004.9+3421,unass,Galactic,0.6684,0.1201,0.0051,0.6684,0.0051,0.2013,ambiguous
4FGL J2109.5+5238c,unass,Galactic,0.6682,0.2002,0.0502,0.6682,0.0101,0.0714,ambiguous
4FGL J1858.5+1953,unk,AGN,0.6651,0.6651,0.005,0.2292,0.005,0.0956,ambiguous
4FGL J1618.9-3922,unass,AGN,0.6651,0.6651,0.01,0.23,0.0699,0.025,ambiguous
4FGL J1302.5-6236c,unass,AGN,0.6651,0.6651,0.08,0.1799,0.015,0.0601,ambiguous
4FGL J0723.1-3048,unass,AGN,0.665,0.665,0.035,0.24,0.025,0.035,ambiguous
4FGL J1036.2+5701,unass,AGN,0.665,0.665,0.035,0.075,0.01,0.215,ambiguous
4FGL J0757.9-1514,unass,AGN,0.665,0.665,0.015,0.225,0.0,0.095,ambiguous
4FGL J2043.9-4802,unass,Pulsar,0.665,0.065,0.015,0.255,0.0,0.665,ambiguous
4FGL J0849.0-2702,unass,AGN,0.665,0.665,0.03,0.155,0.015,0.135,ambiguous
4FGL J1801.4-4307,unass,AGN,0.665,0.665,0.0201,0.1642,0.03,0.1207,ambiguous
4FGL J0712.8-5637,unass,AGN,0.665,0.665,0.2,0.065,0.0,0.07,ambiguous
4FGL J1046.7-6010,unass,Pulsar,0.665,0.045,0.21,0.08,0.0,0.665,ambiguous
4FGL J1744.9-2153,unass,Galactic,0.6645,0.1,0.005,0.6645,0.01,0.2205,ambiguous
4FGL J1725.1-3408,unk,Galactic,0.6642,0.18,0.01,0.6642,0.0101,0.1356,ambiguous
4FGL J1312.6-6231c,unass,Galactic,0.6638,0.03,0.0152,0.6638,0.0001,0.2909,ambiguous
4FGL J1505.3-5852,unass,Galactic,0.6637,0.045,0.115,0.6637,0.0,0.1763,ambiguous
4FGL J1611.9-5125c,unass,Galactic,0.6636,0.0354,0.0403,0.6636,0.01,0.2506,ambiguous
4FGL J1517.7-4446,unass,Galactic,0.6633,0.085,0.025,0.6633,0.005,0.2217,ambiguous
4FGL J1258.5-3406,unass,AGN,0.663,0.663,0.005,0.19,0.0599,0.082,ambiguous
4FGL J0558.2+0132c,unass,AGN,0.6604,0.6604,0.035,0.0994,0.0198,0.1854,ambiguous
4FGL J1007.8-4514,unass,AGN,0.6604,0.6604,0.005,0.2946,0.035,0.005,ambiguous
4FGL J1547.6-6601,unk,AGN,0.6602,0.6602,0.01,0.2546,0.0,0.0752,ambiguous
4FGL J1654.2-4907c,unass,AGN,0.6601,0.6601,0.05,0.1549,0.02,0.1151,ambiguous
4FGL J2122.5+0345,unass,AGN,0.66,0.66,0.01,0.215,0.025,0.09,ambiguous
4FGL J1834.3+0613,unass,Pulsar,0.66,0.12,0.01,0.205,0.005,0.66,ambiguous
4FGL J1858.0+0354,unass,Pulsar,0.66,0.025,0.125,0.19,0.0,0.66,ambiguous
4FGL J1910.1-4704,unass,AGN,0.66,0.66,0.035,0.13,0.05,0.125,ambiguous
4FGL J1810.4+1700,unass,AGN,0.66,0.66,0.0,0.165,0.04,0.135,ambiguous
4FGL J1254.7-4516,unass,AGN,0.66,0.66,0.01,0.12,0.01,0.2,ambiguous
4FGL J1917.0+2245,unk,AGN,0.66,0.66,0.04,0.265,0.005,0.03,ambiguous
4FGL J2054.1-4054,unass,AGN,0.66,0.66,0.005,0.14,0.0,0.195,ambiguous
4FGL J2052.2+1635,unass,AGN,0.66,0.66,0.14,0.125,0.0,0.075,ambiguous
4FGL J2041.5+5554,unk,AGN,0.66,0.66,0.015,0.145,0.02,0.16,ambiguous
4FGL J1506.9-7003,unass,AGN,0.66,0.66,0.005,0.215,0.01,0.11,ambiguous
4FGL J1947.0+0031,unass,AGN,0.66,0.66,0.025,0.155,0.0,0.16,ambiguous
4FGL J1216.4-6317,unass,AGN,0.66,0.66,0.015,0.255,0.05,0.02,ambiguous
4FGL J0634.7+1036,unass,Galactic,0.6598,0.1671,0.0052,0.6598,0.0001,0.1677,ambiguous
4FGL J1754.3-2915,unass,Galactic,0.6598,0.105,0.0,0.6598,0.0,0.2352,ambiguous
4FGL J1000.5-5709c,unass,Galactic,0.659,0.0851,0.04,0.659,0.0,0.2159,ambiguous
4FGL J1016.2-5729c,unass,Galactic,0.6576,0.1002,0.1107,0.6576,0.0,0.1315,ambiguous
4FGL J1919.9+1358c,unass,Galactic,0.6576,0.0902,0.0706,0.6576,0.0,0.1817,ambiguous
4FGL J0853.2-4218c,unass,Galactic,0.6565,0.0822,0.09,0.6565,0.0008,0.1704,ambiguous
4FGL J2043.3-1520,unass,AGN,0.655,0.655,0.015,0.2,0.06,0.07,ambiguous
4FGL J0356.9+3013c,unass,AGN,0.655,0.655,0.075,0.155,0.0,0.115,ambiguous
4FGL J1836.1+1143,unk,AGN,0.655,0.655,0.005,0.16,0.01,0.17,ambiguous
4FGL J1211.8-6021c,unk,AGN,0.655,0.655,0.03,0.22,0.035,0.06,ambiguous
4FGL J0544.8+5209c,unass,AGN,0.655,0.655,0.04,0.13,0.11,0.065,ambiguous
4FGL J1944.3-5347,unass,AGN,0.655,0.655,0.04,0.13,0.02,0.155,ambiguous
4FGL J1929.0+1729,unass,Pulsar,0.655,0.09,0.145,0.11,0.0,0.655,ambiguous
4FGL J1933.4-2711,unass,AGN,0.655,0.655,0.025,0.235,0.01,0.075,ambiguous
4FGL J1751.1-3455,unass,Galactic,0.655,0.21,0.085,0.655,0.0,0.05,ambiguous
4FGL J1743.0-3201,unass,Galactic,0.6547,0.0751,0.1242,0.6547,0.0201,0.126,ambiguous
4FGL J1811.7-1442,unass,Galactic,0.654,0.0701,0.06,0.654,0.0101,0.2058,ambiguous
4FGL J1836.9+4439,unass,Galaxy,0.652,0.3278,0.0,0.0151,0.652,0.0051,ambiguous
4FGL J1716.9-4152,unass,Galactic,0.6511,0.0986,0.015,0.6511,0.0351,0.2003,ambiguous
4FGL J1913.4-1526,unass,Pulsar,0.6506,0.06,0.06,0.2244,0.005,0.6506,ambiguous
4FGL J1711.0-3002,unass,Pulsar,0.65,0.135,0.015,0.2,0.0,0.65,ambiguous
4FGL J0423.0-0943,unass,AGN,0.65,0.65,0.0,0.07,0.04,0.24,ambiguous
4FGL J1511.4-0430,unass,AGN,0.65,0.65,0.02,0.12,0.005,0.205,ambiguous
4FGL J1854.5+2050,unass,AGN,0.65,0.65,0.01,0.265,0.025,0.05,ambiguous
4FGL J1656.9-5717,unass,AGN,0.65,0.65,0.045,0.13,0.0,0.175,ambiguous
4FGL J1721.3-5257,unass,Pulsar,0.65,0.065,0.07,0.215,0.0,0.65,ambiguous
4FGL J2350.5-3930,unass,AGN,0.65,0.65,0.095,0.12,0.015,0.12,ambiguous
4FGL J0745.6+0107c,unass,AGN,0.65,0.65,0.015,0.165,0.01,0.16,ambiguous
4FGL J1729.9-2403,unk,Pulsar,0.6497,0.06,0.015,0.2753,0.0,0.6497,ambiguous
4FGL J0944.7-5124,unass,AGN,0.6488,0.6488,0.0247,0.1813,0.095,0.0502,ambiguous
4FGL J1722.7-3258c,unass,Galactic,0.6486,0.1952,0.0352,0.6486,0.0101,0.111,ambiguous
4FGL J0448.3+2743,unass,AGN,0.6483,0.6483,0.03,0.1917,0.0,0.13,ambiguous
4FGL J0808.3-5121,unass,AGN,0.6481,0.6481,0.1448,0.0952,0.0149,0.097,ambiguous
4FGL J1747.0-3505,unass,Galactic,0.648,0.1552,0.0401,0.648,0.02,0.1367,ambiguous
4FGL J1659.6+4918,unass,AGN,0.6474,0.6474,0.0,0.0051,0.3325,0.015,ambiguous
4FGL J2352.7+6027,unk,AGN,0.646,0.646,0.075,0.2046,0.0594,0.015,ambiguous
4FGL J1716.1-4342c,unass,Galactic,0.6455,0.1213,0.0354,0.6455,0.0051,0.1927,ambiguous
4FGL J2220.8+6319,unass,Pulsar,0.6452,0.075,0.0551,0.2247,0.0,0.6452,ambiguous
4FGL J1318.5-6352,unass,AGN,0.6451,0.6451,0.03,0.25,0.0249,0.05,ambiguous
4FGL J1844.4-0306,unk,Pulsar,0.645,0.035,0.0375,0.2825,0.0,0.645,ambiguous
4FGL J1027.4-6324,unass,AGN,0.645,0.645,0.0,0.23,0.12,0.005,ambiguous
4FGL J1844.6-2342,unass,AGN,0.645,0.645,0.055,0.195,0.02,0.085,ambiguous
4FGL J1851.0-3003,unass,AGN,0.645,0.645,0.005,0.14,0.09,0.12,ambiguous
4FGL J1915.3-1324,unass,AGN,0.645,0.645,0.01,0.315,0.0,0.03,ambiguous
4FGL J1442.0+0732,unass,AGN,0.645,0.645,0.02,0.195,0.03,0.11,ambiguous
4FGL J1823.6-3902,unass,AGN,0.645,0.645,0.05,0.245,0.0,0.06,ambiguous
4FGL J0706.3-3250,unass,AGN,0.645,0.645,0.04,0.215,0.015,0.085,ambiguous
4FGL J0329.2+5750c,unass,Galactic,0.6449,0.215,0.02,0.6449,0.01,0.1101,ambiguous
4FGL J2115.2+5219c,unass,Galactic,0.6449,0.1125,0.0101,0.6449,0.0209,0.2117,ambiguous
4FGL J1857.5+0756,unass,Galactic,0.6447,0.1701,0.01,0.6447,0.0001,0.175,ambiguous
4FGL J1730.8-3806,unass,Galactic,0.6445,0.0856,0.0,0.6445,0.0,0.2698,ambiguous
4FGL J1204.3-6111,unass,Galactic,0.6444,0.1501,0.035,0.6444,0.0,0.1704,ambiguous
4FGL J1854.7-0716,unass,Galactic,0.6443,0.1901,0.1001,0.6443,0.0001,0.0655,ambiguous
4FGL J2227.1+6455,unass,Galactic,0.6435,0.1706,0.0301,0.6435,0.005,0.1508,ambiguous
4FGL J1847.2-0200c,unass,Galactic,0.643,0.0213,0.0268,0.643,0.025,0.2838,ambiguous
4FGL J0553.6+0100,unass,AGN,0.6429,0.6429,0.02,0.1646,0.04,0.1325,ambiguous
4FGL J1427.8-6051,unass,Galactic,0.6405,0.04,0.1401,0.6405,0.005,0.1744,ambiguous
4FGL J1308.9-5730,unass,AGN,0.6401,0.6401,0.035,0.1942,0.02,0.1106,ambiguous
4FGL J2040.4+0312,unass,AGN,0.6401,0.6401,0.005,0.14,0.0199,0.195,ambiguous
4FGL J1817.9-3334,unass,Pulsar,0.64,0.03,0.025,0.3,0.005,0.64,ambiguous
4FGL J1403.5-6236,unass,Pulsar,0.64,0.105,0.06,0.195,0.0,0.64,ambiguous
4FGL J1702.3-2525,unass,AGN,0.64,0.64,0.015,0.18,0.075,0.09,ambiguous
4FGL J1854.3-3640,unass,AGN,0.64,0.64,0.005,0.16,0.015,0.18,ambiguous
4FGL J0546.5-1100,unass,AGN,0.64,0.64,0.1,0.185,0.05,0.025,ambiguous
4FGL J1525.2-3316c,unass,AGN,0.64,0.64,0.015,0.175,0.02,0.15,ambiguous
4FGL J1725.5+0840,unass,AGN,0.64,0.64,0.03,0.2015,0.015,0.1135,ambiguous
4FGL J1755.5-3734,unass,AGN,0.64,0.64,0.04,0.255,0.035,0.03,ambiguous
4FGL J1758.8-2326,unass,Galactic,0.6399,0.105,0.03,0.6399,0.015,0.2101,ambiguous
4FGL J1859.8+0411c,unass,Galactic,0.6399,0.105,0.1749,0.6399,0.01,0.0702,ambiguous
4FGL J0658.7-0407c,unass,Galactic,0.6397,0.1381,0.1052,0.6397,0.005,0.1119,ambiguous
4FGL J1355.8-6155,unass,Galactic,0.6394,0.1652,0.025,0.6394,0.0001,0.1703,ambiguous
4FGL J1854.7+0153,unass,Galactic,0.6391,0.1,0.065,0.6391,0.0,0.1959,ambiguous
4FGL J1813.1-1611,unass,Galactic,0.6388,0.1097,0.0051,0.6388,0.0001,0.2463,ambiguous
4FGL J1925.2+1600c,unass,Galactic,0.6388,0.125,0.0725,0.6388,0.0,0.1638,ambiguous
4FGL J1759.7-2354,unass,Galactic,0.6385,0.025,0.0052,0.6385,0.005,0.3263,ambiguous
4FGL J1624.9-4538,unass,Galactic,0.6382,0.1618,0.0701,0.6382,0.0,0.1299,ambiguous
4FGL J1858.0-1052,unass,Galactic,0.6381,0.0855,0.0758,0.6381,0.005,0.1956,ambiguous
4FGL J1642.1-5128,unass,Galactic,0.6381,0.1905,0.03,0.6381,0.0,0.1414,ambiguous
4FGL J1742.0-3020,unass,Galactic,0.6378,0.1803,0.0153,0.6378,0.0,0.1666,ambiguous
4FGL J1757.1-1926,unass,Galactic,0.6355,0.1451,0.0205,0.6355,0.0,0.1989,ambiguous
4FGL J1153.4-8008,unass,AGN,0.6351,0.6351,0.0,0.17,0.1649,0.03,ambiguous
4FGL J2128.9+3032,unass,AGN,0.635,0.635,0.02,0.145,0.055,0.145,ambiguous
4FGL J0139.5-2228,unass,Pulsar,0.635,0.24,0.045,0.08,0.0,0.635,ambiguous
4FGL J1603.6-0451,unass,AGN,0.635,0.635,0.0,0.21,0.005,0.15,ambiguous
4FGL J0718.8+4618,unass,AGN,0.635,0.635,0.125,0.09,0.02,0.13,ambiguous
4FGL J1358.7-6944,unass,AGN,0.635,0.635,0.005,0.205,0.01,0.145,ambiguous
4FGL J1707.6-5351,unass,AGN,0.635,0.635,0.05,0.28,0.005,0.03,ambiguous
4FGL J2122.6+3709,unass,AGN,0.635,0.635,0.02,0.1326,0.02,0.1924,ambiguous
4FGL J1450.8-1424,unass,Pulsar,0.635,0.215,0.005,0.135,0.01,0.635,ambiguous
4FGL J1801.1-2626,unass,Pulsar,0.635,0.14,0.02,0.205,0.0,0.635,ambiguous
4FGL J1902.8+1451,unk,AGN,0.635,0.635,0.025,0.23,0.02,0.09,ambiguous
4FGL J1555.8-5551,unass,AGN,0.635,0.635,0.0,0.345,0.005,0.015,ambiguous
4FGL J0849.2-4410c,unass,Galactic,0.6342,0.11,0.115,0.6342,0.01,0.1308,ambiguous
4FGL J1813.7-1152,unass,Galactic,0.6334,0.0652,0.0553,0.6334,0.0001,0.2461,ambiguous
4FGL J1547.5-5130,unass,Galactic,0.6317,0.2085,0.065,0.6317,0.0549,0.04,ambiguous
4FGL J1550.3-6223,unass,AGN,0.6304,0.6304,0.015,0.2289,0.0,0.1257,ambiguous
4FGL J0741.9-4157,unass,AGN,0.6302,0.6302,0.055,0.2042,0.01,0.1005,ambiguous
4FGL J1228.0-6918,unass,AGN,0.63,0.63,0.04,0.14,0.03,0.16,ambiguous
4FGL J2108.0+5155,unass,Pulsar,0.63,0.04,0.17,0.16,0.0,0.63,ambiguous
4FGL J2030.0-0310,unass,AGN,0.63,0.63,0.005,0.14,0.0,0.225,ambiguous
4FGL J1934.2-1446,unass,AGN,0.63,0.63,0.04,0.23,0.02,0.08,ambiguous
4FGL J2052.1+5539,unass,AGN,0.63,0.63,0.025,0.27,0.01,0.065,ambiguous
4FGL J0402.5+5402,unk,AGN,0.63,0.63,0.0,0.335,0.015,0.02,ambiguous
4FGL J1702.0-3721,unass,AGN,0.63,0.63,0.02,0.225,0.0,0.125,ambiguous
4FGL J1838.7-0601,unass,Galactic,0.6298,0.335,0.005,0.6298,0.0101,0.0201,ambiguous
4FGL J1733.6-2431,unass,Galactic,0.6295,0.065,0.035,0.6295,0.005,0.2655,ambiguous
4FGL J1857.4+0106,unass,Galactic,0.6294,0.03,0.005,0.6294,0.0,0.3356,ambiguous
4FGL J1745.7-3254,unass,Galactic,0.6279,0.2201,0.02,0.6279,0.03,0.102,ambiguous
4FGL J0911.6-4738c,unass,Galactic,0.6275,0.2052,0.0203,0.6275,0.0001,0.1469,ambiguous
4FGL J0158.5+6058,unass,Galactic,0.6266,0.2366,0.0052,0.6266,0.005,0.1267,ambiguous
4FGL J0744.4-1403,unass,AGN,0.6258,0.6258,0.01,0.2776,0.0,0.0867,ambiguous
4FGL J0848.8-4328,unass,Galactic,0.6257,0.0652,0.0251,0.6257,0.0,0.284,ambiguous
4FGL J0859.3-4342,unass,Galactic,0.6253,0.0557,0.0403,0.6253,0.01,0.2686,ambiguous
4FGL J1127.9-6158,unass,Pulsar,0.6251,0.045,0.06,0.2648,0.005,0.6251,ambiguous
4FGL J0659.2-1758c,unass,AGN,0.625,0.625,0.025,0.26,0.0,0.09,ambiguous
4FGL J1252.7-2520,unass,AGN,0.625,0.625,0.2,0.085,0.0,0.09,ambiguous
4FGL J0414.7-4300,unass,Pulsar,0.625,0.125,0.025,0.2,0.025,0.625,ambiguous
4FGL J1608.4+0055,unass,AGN,0.625,0.625,0.005,0.21,0.025,0.135,ambiguous
4FGL J1830.7-3219,unass,AGN,0.625,0.625,0.05,0.11,0.0,0.215,ambiguous
4FGL J1630.0-5605,unass,AGN,0.625,0.625,0.035,0.155,0.005,0.18,ambiguous
4FGL J1859.8+1545,unass,AGN,0.625,0.625,0.125,0.215,0.0,0.035,ambiguous
4FGL J1809.2-2726,unass,Galactic,0.625,0.12,0.035,0.625,0.015,0.205,ambiguous
4FGL J1805.9-1549,unass,Galactic,0.625,0.2,0.04,0.625,0.0,0.135,ambiguous
4FGL J1157.7-6327,unass,Pulsar,0.6249,0.065,0.1699,0.1402,0.0,0.6249,ambiguous
4FGL J1819.0-1203,unass,Galactic,0.6245,0.1655,0.105,0.6245,0.005,0.1,ambiguous
4FGL J1847.2-0141,unass,Galactic,0.6233,0.0402,0.0902,0.6233,0.0,0.2462,ambiguous
4FGL J1902.5+0654,unass,Galactic,0.6233,0.05,0.045,0.6233,0.0,0.2817,ambiguous
4FGL J1037.8-5810c,unass,Galactic,0.6222,0.0523,0.0054,0.6222,0.0001,0.3201,ambiguous
4FGL J0857.7-4256c,unass,Galactic,0.6212,0.1533,0.125,0.6212,0.0151,0.0854,ambiguous
4FGL J1750.4-1721,unass,Galactic,0.6211,0.1,0.0,0.6211,0.025,0.2539,ambiguous
4FGL J1229.5-3048,unass,AGN,0.6201,0.6201,0.02,0.115,0.0299,0.215,ambiguous
4FGL J0359.7+4445,unk,AGN,0.62,0.62,0.065,0.235,0.04,0.04,ambiguous
4FGL J0441.8+2600c,unass,AGN,0.62,0.62,0.09,0.18,0.01,0.1,ambiguous
4FGL J0414.3+4522,unass,AGN,0.62,0.62,0.015,0.345,0.015,0.005,ambiguous
4FGL J2124.9-2433,unass,AGN,0.62,0.62,0.015,0.19,0.075,0.1,ambiguous
4FGL J0821.5-1436,unass,AGN,0.62,0.62,0.07,0.135,0.025,0.15,ambiguous
4FGL J1406.2-7500,unass,AGN,0.62,0.62,0.18,0.16,0.005,0.035,ambiguous
4FGL J0342.4+3125c,unass,AGN,0.62,0.62,0.13,0.185,0.005,0.06,ambiguous
4FGL J1834.2-4021,unass,AGN,0.62,0.62,0.08,0.175,0.005,0.12,ambiguous
4FGL J1350.9-2757,unass,AGN,0.62,0.62,0.03,0.205,0.005,0.14,ambiguous
4FGL J1758.3-1920,unass,Galactic,0.62,0.215,0.015,0.62,0.005,0.145,ambiguous
4FGL J0832.2-4322c,unass,Galactic,0.6199,0.19,0.08,0.6199,0.005,0.1051,ambiguous
4FGL J1632.5+3839,unass,Pulsar,0.6198,0.2251,0.02,0.1001,0.035,0.6198,ambiguous
4FGL J1853.2-0922c,unass,Galactic,0.6197,0.2301,0.075,0.6197,0.0,0.0752,ambiguous
4FGL J0704.9-1007c,unass,Galactic,0.6195,0.1351,0.015,0.6195,0.0001,0.2302,ambiguous
4FGL J1816.4-2727,unass,Pulsar,0.6195,0.065,0.02,0.2955,0.0,0.6195,ambiguous
4FGL J1722.1-3205,unass,Galactic,0.6193,0.0801,0.02,0.6193,0.0001,0.2805,ambiguous
4FGL J1547.4-4802,unass,Galactic,0.6192,0.0601,0.0401,0.6192,0.005,0.2755,ambiguous
4FGL J1621.4-4511,unass,Galactic,0.6191,0.15,0.0058,0.6191,0.005,0.2201,ambiguous
4FGL J1911.8+0903c,unass,Galactic,0.6184,0.2156,0.055,0.6184,0.0,0.1109,ambiguous
4FGL J2052.6+4135c,unass,Galactic,0.6177,0.1409,0.1291,0.6177,0.0067,0.1056,ambiguous
4FGL J1720.1-4358,unass,Galactic,0.6168,0.2537,0.05,0.6168,0.0062,0.0732,ambiguous
4FGL J1815.8-1416,unass,Galactic,0.6167,0.0254,0.0054,0.6167,0.0118,0.3407,ambiguous
4FGL J2112.0+3744,unass,AGN,0.6157,0.6157,0.055,0.2136,0.005,0.1107,ambiguous
4FGL J1724.7-3737,unass,Galactic,0.6152,0.1367,0.0947,0.6152,0.005,0.1483,ambiguous
4FGL J1203.5-1748,unass,AGN,0.6151,0.6151,0.1048,0.1051,0.01,0.1649,ambiguous
4FGL J0257.8+7044,unass,AGN,0.6151,0.6151,0.06,0.25,0.0299,0.045,ambiguous
4FGL J1803.3+2425,unass,AGN,0.615,0.615,0.005,0.115,0.02,0.245,ambiguous
4FGL J1820.6-0326,unass,Pulsar,0.615,0.115,0.0,0.27,0.0,0.615,ambiguous
4FGL J1755.3-3937,unass,AGN,0.615,0.615,0.045,0.14,0.0,0.2,ambiguous
4FGL J1810.8-3347,unass,AGN,0.615,0.615,0.01,0.31,0.025,0.04,ambiguous
4FGL J0358.1+2850,unass,AGN,0.615,0.615,0.09,0.23,0.015,0.05,ambiguous
4FGL J1719.0-4038,unass,AGN,0.615,0.615,0.01,0.335,0.005,0.035,ambiguous
4FGL J1745.7-2506,unk,Galactic,0.615,0.04,0.055,0.615,0.0,0.29,ambiguous
4FGL J1723.5-0501e,unass,AGN,0.615,0.615,0.01,0.315,0.05,0.01,ambiguous
4FGL J1659.0-0140,unass,Pulsar,0.615,0.15,0.04,0.155,0.04,0.615,ambiguous
4FGL J0844.1-4330,unass,Galactic,0.6144,0.1007,0.0947,0.6144,0.0,0.1902,ambiguous
4FGL J1203.7-6303c,unass,Galactic,0.614,0.0554,0.079,0.614,0.005,0.2465,ambiguous
4FGL J1655.9-3940,unass,Galactic,0.614,0.135,0.0456,0.614,0.0,0.2054,ambiguous
4FGL J1529.4-6027,unass,Galactic,0.6133,0.1161,0.1248,0.6133,0.005,0.1408,ambiguous
4FGL J0712.0-6431,unass,Pulsar,0.6111,0.2292,0.1248,0.035,0.0,0.6111,ambiguous
4FGL J2032.3-0720,unass,AGN,0.61,0.61,0.005,0.235,0.01,0.14,ambiguous
4FGL J1735.3-0717,unass,AGN,0.61,0.61,0.205,0.105,0.0,0.08,ambiguous
4FGL J0859.8-4530c,unass,Galactic,0.61,0.18,0.16,0.61,0.01,0.04,ambiguous
4FGL J1641.3-5945,unk,AGN,0.61,0.61,0.07,0.19,0.02,0.11,ambiguous
4FGL J1741.1-1617,unass,Pulsar,0.6099,0.21,0.025,0.1351,0.02,0.6099,ambiguous
4FGL J0618.9+2240c,unass,Pulsar,0.6098,0.0251,0.1204,0.2148,0.03,0.6098,ambiguous
4FGL J1820.2-1303,unass,Galactic,0.6095,0.1052,0.0702,0.6095,0.0101,0.205,ambiguous
4FGL J1813.2-1128,unass,Galactic,0.6095,0.0555,0.0615,0.6095,0.0001,0.2734,ambiguous
4FGL J1400.4-6050,unass,Galactic,0.6094,0.0451,0.1151,0.6094,0.0,0.2304,ambiguous
4FGL J0859.2-4729,unass,Galactic,0.6081,0.0454,0.0454,0.6081,0.0,0.3012,ambiguous
4FGL J1750.4-3023,unk,Galactic,0.6069,0.1636,0.01,0.6069,0.0101,0.2094,ambiguous
4FGL J1816.4-6405,unass,Pulsar,0.6064,0.1218,0.0167,0.2501,0.005,0.6064,ambiguous
4FGL J1847.7-0125,unass,Galactic,0.6059,0.18,0.07,0.6059,0.05,0.0941,ambiguous
4FGL J1444.9-5939,unass,Pulsar,0.6053,0.11,0.065,0.2197,0.0,0.6053,ambiguous
4FGL J1739.2-2732,unass,Galactic,0.605,0.18,0.055,0.605,0.01,0.15,ambiguous
4FGL J1858.9+3636,unass,Pulsar,0.605,0.12,0.035,0.22,0.02,0.605,ambiguous
4FGL J1458.8-2120,unass,Pulsar,0.605,0.245,0.015,0.105,0.03,0.605,ambiguous
4FGL J1920.5+3652,unass,AGN,0.605,0.605,0.025,0.14,0.085,0.145,ambiguous
4FGL J1413.9-6705,unass,AGN,0.605,0.605,0.065,0.175,0.005,0.15,ambiguous
4FGL J0705.0+1331,unass,AGN,0.605,0.605,0.02,0.22,0.02,0.135,ambiguous
4FGL J1709.2-0437,unass,AGN,0.605,0.605,0.02,0.23,0.005,0.14,ambiguous
4FGL J1711.9-1922,unass,Pulsar,0.605,0.195,0.045,0.155,0.0,0.605,ambiguous
4FGL J2026.5+3718c,unk,Galactic,0.6046,0.245,0.045,0.6046,0.0151,0.0904,ambiguous
4FGL J2059.1+4403,unk,Galactic,0.6044,0.195,0.08,0.6044,0.01,0.1106,ambiguous
4FGL J1855.2+0456,unass,Galactic,0.6042,0.0851,0.0051,0.6042,0.0,0.3055,ambiguous
4FGL J1719.5-3858c,unk,Galactic,0.6035,0.1553,0.0754,0.6035,0.0351,0.1308,ambiguous
4FGL J0900.2-4608,unass,Galactic,0.6035,0.1813,0.0899,0.6035,0.005,0.1203,ambiguous
4FGL J1855.2+0756,unass,Galactic,0.6032,0.1403,0.0752,0.6032,0.005,0.1762,ambiguous
4FGL J0838.9-2502,unass,AGN,0.6017,0.6017,0.035,0.215,0.0,0.1483,ambiguous
4FGL J1912.0+0927,unass,Galactic,0.6014,0.0103,0.0372,0.6014,0.0001,0.351,ambiguous
4FGL J1903.4-0400c,unass,Galactic,0.6009,0.1921,0.0451,0.6009,0.0101,0.1518,ambiguous
4FGL J0942.1-5215,unass,AGN,0.6002,0.6002,0.025,0.2455,0.005,0.1243,ambiguous
4FGL J1655.7-2411,unass,AGN,0.6,0.6,0.005,0.205,0.0,0.19,ambiguous
4FGL J0856.0-4724c,unass,AGN,0.6,0.6,0.075,0.15,0.015,0.16,ambiguous
4FGL J1901.5-2208,unass,AGN,0.6,0.6,0.025,0.2299,0.0,0.1451,ambiguous
4FGL J1850.7-3126,unass,AGN,0.6,0.6,0.07,0.135,0.0,0.195,ambiguous
4FGL J0128.4+2614,unass,AGN,0.6,0.6,0.025,0.265,0.02,0.09,ambiguous
4FGL J1922.5-5233,unass,AGN,0.6,0.6,0.09,0.09,0.01,0.21,ambiguous
4FGL J1909.0-2525,unass,AGN,0.6,0.6,0.17,0.13,0.0,0.1,ambiguous
4FGL J1904.0-5925,unass,AGN,0.6,0.6,0.035,0.16,0.01,0.195,ambiguous
4FGL J1618.3-4537,unass,AGN,0.6,0.6,0.08,0.22,0.0,0.1,ambiguous
4FGL J0828.4-4444,unass,Galactic,0.5998,0.1,0.05,0.5998,0.005,0.2451,ambiguous
4FGL J1604.4-4927,unass,Galactic,0.5997,0.1201,0.035,0.5997,0.0,0.2451,ambiguous
4FGL J1616.6-5009,unass,Galactic,0.5995,0.05,0.0251,0.5995,0.025,0.3004,ambiguous
4FGL J0612.2+1909c,unass,Galactic,0.5995,0.3051,0.02,0.5995,0.01,0.0654,ambiguous
4FGL J2208.4+6443e,unass,Pulsar,0.5994,0.04,0.08,0.2706,0.01,0.5994,ambiguous
4FGL J1851.9-1522,unass,AGN,0.5993,0.5993,0.005,0.1907,0.01,0.195,ambiguous
4FGL J1759.7-2141,unk,Galactic,0.5992,0.0201,0.02,0.5992,0.0,0.3607,ambiguous
4FGL J2315.9+5955c,unk,Galactic,0.5991,0.07,0.12,0.5991,0.1351,0.0758,ambiguous
4FGL J0731.5-1910c,unass,Galactic,0.599,0.1825,0.0552,0.599,0.0017,0.1617,ambiguous
4FGL J1744.0-2504,unass,Galactic,0.5985,0.1052,0.075,0.5985,0.005,0.2163,ambiguous
4FGL J1257.0-6339,unass,Galactic,0.5976,0.12,0.0651,0.5976,0.01,0.2073,ambiguous
4FGL J1401.9-6130c,unass,Galactic,0.5971,0.185,0.025,0.5971,0.0151,0.1778,ambiguous
4FGL J1809.0+5908,unass,AGN,0.5967,0.5967,0.0,0.0,0.4033,0.0,ambiguous
4FGL J1408.1-6010,unass,Galactic,0.5966,0.1483,0.02,0.5966,0.07,0.1651,ambiguous
4FGL J1827.3-4128,unass,AGN,0.5954,0.5954,0.03,0.1889,0.005,0.1807,ambiguous
4FGL J1917.6+2609,unass,AGN,0.595,0.595,0.0,0.235,0.03,0.14,ambiguous
4FGL J1950.2+3822,unk,AGN,0.595,0.595,0.015,0.175,0.065,0.15,ambiguous
4FGL J1348.5-8700,unass,AGN,0.595,0.595,0.085,0.22,0.0,0.1,ambiguous
4FGL J2134.3-0319,unass,AGN,0.595,0.595,0.005,0.245,0.015,0.14,ambiguous
4FGL J1712.9-4105,unass,Galactic,0.595,0.325,0.0,0.595,0.015,0.065,ambiguous
4FGL J1739.2-2717,unass,Galactic,0.595,0.0501,0.1064,0.595,0.0,0.2485,ambiguous
4FGL J1706.2-4113c,unass,Galactic,0.5949,0.265,0.025,0.5949,0.0348,0.0802,ambiguous
4FGL J1853.0-0956,unass,Galactic,0.5947,0.1751,0.0001,0.5947,0.005,0.2251,ambiguous
4FGL J1745.0-1953,unk,Galactic,0.5945,0.2101,0.005,0.5945,0.005,0.1854,ambiguous
4FGL J1656.9-4814,unass,Galactic,0.5943,0.1151,0.1697,0.5943,0.0,0.1209,ambiguous
4FGL J0608.5+1826c,unass,Galactic,0.5939,0.1953,0.0101,0.5939,0.0,0.2008,ambiguous
4FGL J1154.5-5952,unass,Galactic,0.5934,0.0653,0.0808,0.5934,0.0,0.2605,ambiguous
4FGL J0552.0+2656c,unass,Galactic,0.593,0.1608,0.0452,0.593,0.005,0.1961,ambiguous
4FGL J1740.6-3430,unass,Galactic,0.5915,0.1935,0.015,0.5915,0.0101,0.1899,ambiguous
4FGL J0851.2-4737,unass,AGN,0.5913,0.5913,0.155,0.2288,0.01,0.015,ambiguous
4FGL J1118.1+5857,unass,Galaxy,0.5913,0.4087,0.0,0.0,0.5913,0.0,ambiguous
4FGL J1622.7-4934c,unass,Pulsar,0.5905,0.0602,0.0102,0.3391,0.0,0.5905,ambiguous
4FGL J1739.1-3446,unass,Galactic,0.5902,0.2123,0.0153,0.5902,0.0101,0.1722,ambiguous
4FGL J1333.2-4707,unass,AGN,0.5901,0.5901,0.0652,0.115,0.1297,0.1,ambiguous
4FGL J1736.4-4052,unk,AGN,0.59,0.59,0.035,0.3,0.005,0.07,ambiguous
4FGL J2143.4+6608c,unass,AGN,0.59,0.59,0.005,0.305,0.01,0.09,ambiguous
4FGL J1847.0-0625,unass,AGN,0.59,0.59,0.04,0.065,0.0,0.305,ambiguous
4FGL J1234.5-7055c,unass,AGN,0.59,0.59,0.005,0.2299,0.015,0.1601,ambiguous
4FGL J2043.1+4256c,unk,Galactic,0.59,0.22,0.04,0.59,0.0,0.15,ambiguous
4FGL J2042.3+5758c,unass,AGN,0.59,0.59,0.035,0.25,0.015,0.11,ambiguous
4FGL J1640.3-4917,unass,Galactic,0.5899,0.2251,0.03,0.5899,0.005,0.1501,ambiguous
4FGL J2104.0+4623,unass,Galactic,0.5894,0.13,0.035,0.5894,0.04,0.2056,ambiguous
4FGL J1726.2-2903,unass,Galactic,0.5893,0.1202,0.04,0.5893,0.0,0.2506,ambiguous
4FGL J1901.1+0730,unass,Galactic,0.5891,0.0751,0.13,0.5891,0.0,0.2058,ambiguous
4FGL J1711.6-3407,unk,Galactic,0.589,0.1502,0.0451,0.589,0.0,0.2157,ambiguous
4FGL J1624.1-4417,unass,Galactic,0.5889,0.0978,0.0852,0.5889,0.0001,0.228,ambiguous
4FGL J0511.0+4213,unass,AGN,0.5883,0.5883,0.0185,0.2528,0.0604,0.08,ambiguous
4FGL J1038.8-5848c,unass,Galactic,0.5871,0.0778,0.2151,0.5871,0.0201,0.0999,ambiguous
4FGL J0302.7+5717,unass,Galactic,0.5859,0.2824,0.0402,0.5859,0.01,0.0816,ambiguous
4FGL J2037.7+4647,unk,AGN,0.5855,0.5855,0.02,0.3395,0.02,0.035,ambiguous
4FGL J1508.4-4817,unass,AGN,0.585,0.585,0.085,0.17,0.0,0.16,ambiguous
4FGL J2254.9+5802,unk,AGN,0.585,0.585,0.02,0.24,0.025,0.13,ambiguous
4FGL J1907.5-2926,unass,AGN,0.585,0.585,0.09,0.155,0.005,0.165,ambiguous
4FGL J1815.1+5917,unass,AGN,0.585,0.585,0.045,0.155,0.0,0.215,ambiguous
4FGL J1031.4-4448,unass,AGN,0.585,0.585,0.015,0.12,0.035,0.245,ambiguous
4FGL J1607.9-4050,unass,AGN,0.585,0.585,0.02,0.355,0.01,0.03,ambiguous
4FGL J1719.4-4242,unass,Galactic,0.5848,0.0871,0.0767,0.5848,0.015,0.2364,ambiguous
4FGL J1734.6-3548,unass,Galactic,0.5845,0.2101,0.035,0.5845,0.03,0.1403,ambiguous
4FGL J1205.3-6212c,unass,Galactic,0.5836,0.1615,0.0954,0.5836,0.015,0.1445,ambiguous
4FGL J1526.6-3810,unass,Pulsar,0.5817,0.165,0.045,0.2033,0.005,0.5817,ambiguous
4FGL J1843.7-0326,unass,Galactic,0.5815,0.1502,0.02,0.5815,0.005,0.2433,ambiguous
4FGL J0609.1+1544,unass,Galactic,0.5814,0.1716,0.0552,0.5814,0.0001,0.1919,ambiguous
4FGL J1759.6-1850,unass,Galactic,0.5813,0.2005,0.0352,0.5813,0.0051,0.1779,ambiguous
4FGL J0716.0-0826,unass,AGN,0.5803,0.5803,0.04,0.2143,0.015,0.1504,ambiguous
4FGL J2018.0+7903,unass,AGN,0.5801,0.5801,0.01,0.175,0.0399,0.195,ambiguous
4FGL J2241.4-8327,unass,AGN,0.58,0.58,0.055,0.07,0.005,0.29,ambiguous
4FGL J1415.2-5550,unass,AGN,0.58,0.58,0.08,0.26,0.005,0.075,ambiguous
4FGL J1912.2+3621,unass,AGN,0.58,0.58,0.005,0.23,0.055,0.13,ambiguous
4FGL J1454.0-5319,unass,AGN,0.58,0.58,0.0,0.255,0.0,0.165,ambiguous
4FGL J1449.8-5923c,unass,Galactic,0.58,0.15,0.025,0.58,0.0,0.245,ambiguous
4FGL J1528.2-2448,unass,AGN,0.58,0.58,0.0,0.175,0.03,0.215,ambiguous
4FGL J1216.2-0600,unass,AGN,0.58,0.58,0.06,0.105,0.0,0.255,ambiguous
4FGL J1744.9-3322,unass,Galactic,0.58,0.085,0.085,0.58,0.0,0.25,ambiguous
4FGL J1747.6+0324,unass,Pulsar,0.58,0.105,0.015,0.29,0.01,0.58,ambiguous
4FGL J1630.1-3546,unass,AGN,0.58,0.58,0.02,0.165,0.0,0.235,ambiguous
4FGL J0557.2+3528,unass,AGN,0.58,0.58,0.12,0.16,0.025,0.115,ambiguous
4FGL J1814.6-2537,unass,Galactic,0.5799,0.1052,0.03,0.5799,0.035,0.2498,ambiguous
4FGL J1412.2-6018,unass,Galactic,0.5796,0.2302,0.045,0.5796,0.005,0.1402,ambiguous
4FGL J1649.3-4441,unass,Galactic,0.5795,0.02,0.0251,0.5795,0.0,0.3754,ambiguous
4FGL J1054.0-5938,unass,Galactic,0.5793,0.175,0.065,0.5793,0.005,0.1756,ambiguous
4FGL J1855.3-0740,unass,Galactic,0.5792,0.1702,0.0251,0.5792,0.005,0.2205,ambiguous
4FGL J1713.0-4236c,unass,Galactic,0.5791,0.175,0.12,0.5791,0.0101,0.1157,ambiguous
4FGL J1831.3-0203c,unk,Galactic,0.5789,0.1704,0.0501,0.5789,0.01,0.1907,ambiguous
4FGL J1805.1-3049,unass,Galactic,0.5785,0.2002,0.05,0.5785,0.005,0.1663,ambiguous
4FGL J0930.1-5059c,unass,Galactic,0.5765,0.2203,0.0402,0.5765,0.01,0.153,ambiguous
4FGL J1620.9+4852,unass,Galaxy,0.5751,0.3941,0.0002,0.0203,0.5751,0.0103,ambiguous
4FGL J1550.4-5354c,unass,Galactic,0.575,0.315,0.065,0.575,0.0349,0.01,ambiguous
4FGL J2007.2-3157,unass,AGN,0.575,0.575,0.055,0.14,0.01,0.22,ambiguous
4FGL J1649.1-1359c,unass,AGN,0.575,0.575,0.025,0.24,0.02,0.14,ambiguous
4FGL J1708.3-4127c,unass,AGN,0.575,0.575,0.005,0.375,0.02,0.025,ambiguous
4FGL J0057.5+6814,unass,AGN,0.575,0.575,0.005,0.3047,0.01,0.1053,ambiguous
4FGL J1819.3-0935,unass,Galactic,0.5748,0.135,0.04,0.5748,0.0,0.2501,ambiguous
4FGL J1852.6-1159,unass,Galactic,0.5747,0.1951,0.095,0.5747,0.005,0.1303,ambiguous
4FGL J0715.7-1128,unass,Galactic,0.5743,0.2151,0.065,0.5743,0.0,0.1456,ambiguous
4FGL J1918.6-7813c,unass,AGN,0.5705,0.5705,0.2245,0.115,0.0,0.09,ambiguous
4FGL J0744.9-4028,unass,Pulsar,0.5701,0.23,0.015,0.12,0.0648,0.5701,ambiguous
4FGL J1150.1-6324,unass,Galactic,0.5701,0.0751,0.1947,0.5701,0.0,0.16,ambiguous
4FGL J1855.8+0150,unass,Galactic,0.57,0.075,0.0551,0.57,0.0,0.2999,ambiguous
4FGL J1609.3-4326,unass,AGN,0.57,0.57,0.035,0.2849,0.0,0.1101,ambiguous
4FGL J1758.6-2404,unk,AGN,0.57,0.57,0.0,0.375,0.015,0.04,ambiguous
4FGL J2005.8+3357,unass,AGN,0.57,0.57,0.155,0.2,0.005,0.07,ambiguous
4FGL J0616.2-0653,unass,AGN,0.57,0.57,0.045,0.22,0.02,0.145,ambiguous
4FGL J0652.8-1855,unass,AGN,0.57,0.57,0.15,0.21,0.01,0.06,ambiguous
4FGL J1832.7+0618,unass,Galactic,0.5699,0.32,0.02,0.5699,0.0,0.0901,ambiguous
4FGL J1646.5-4406,unass,Galactic,0.5699,0.2151,0.055,0.5699,0.0325,0.1276,ambiguous
4FGL J1706.2-4950,unass,Galactic,0.5698,0.2393,0.005,0.5698,0.0058,0.1801,ambiguous
4FGL J1951.0+2523,unass,Pulsar,0.5688,0.0811,0.035,0.3151,0.0,0.5688,ambiguous
4FGL J1743.4-3406,unass,Galactic,0.5666,0.1233,0.04,0.5666,0.05,0.2201,ambiguous
4FGL J0409.2+2542,unass,AGN,0.5657,0.5657,0.0055,0.0958,0.3228,0.0102,ambiguous
4FGL J0634.6-3046c,unass,AGN,0.5651,0.5651,0.045,0.2499,0.02,0.12,ambiguous
4FGL J2100.0-4356,unass,AGN,0.565,0.565,0.02,0.275,0.025,0.115,ambiguous
4FGL J0531.3+1609,unass,AGN,0.565,0.565,0.09,0.215,0.075,0.055,ambiguous
4FGL J2157.8+7142c,unass,AGN,0.565,0.565,0.0,0.12,0.015,0.3,ambiguous
4FGL J1756.3+0236,unass,AGN,0.565,0.565,0.0,0.18,0.0,0.255,ambiguous
4FGL J1859.2+0046,unass,AGN,0.565,0.565,0.025,0.315,0.03,0.065,ambiguous
4FGL J1946.9-1220,unass,AGN,0.565,0.565,0.125,0.22,0.0,0.09,ambiguous
4FGL J1317.8-5358c,unass,AGN,0.565,0.565,0.04,0.295,0.005,0.095,ambiguous
4FGL J1816.7+1749,unass,Pulsar,0.565,0.22,0.04,0.17,0.005,0.565,ambiguous
4FGL J2046.5-1947,unass,AGN,0.565,0.565,0.03,0.23,0.02,0.155,ambiguous
4FGL J1733.5-2950,unass,Galactic,0.565,0.355,0.0,0.565,0.07,0.01,ambiguous
4FGL J1720.6-2442,unass,AGN,0.565,0.565,0.025,0.095,0.005,0.31,ambiguous
4FGL J1743.4-3123,unass,Galactic,0.5649,0.24,0.03,0.5649,0.015,0.1501,ambiguous
4FGL J1757.8-1802,unass,Galactic,0.5645,0.2151,0.0103,0.5645,0.0001,0.21,ambiguous
4FGL J1911.4-4856,unass,AGN,0.5633,0.5633,0.035,0.15,0.0,0.2517,ambiguous
4FGL J1834.2-0827c,unass,Galactic,0.5623,0.02,0.045,0.5623,0.0,0.3727,ambiguous
4FGL J1830.1-1440,unass,AGN,0.5609,0.5609,0.005,0.33,0.0841,0.02,ambiguous
4FGL J0716.9-2219,unass,AGN,0.56,0.56,0.355,0.05,0.0,0.035,ambiguous
4FGL J0002.1+6721c,unk,Galactic,0.56,0.1346,0.075,0.56,0.015,0.2154,ambiguous
4FGL J0840.6-3130,unass,Pulsar,0.56,0.32,0.03,0.085,0.005,0.56,ambiguous
4FGL J1729.9-2952,unass,AGN,0.56,0.56,0.025,0.235,0.01,0.17,ambiguous
4FGL J1733.4+2235,unass,Pulsar,0.56,0.31,0.005,0.105,0.02,0.56,ambiguous
4FGL J0150.4+4848,unass,AGN,0.56,0.56,0.04,0.14,0.025,0.235,ambiguous
4FGL J1905.8+4942,unass,AGN,0.56,0.56,0.065,0.14,0.015,0.22,ambiguous
4FGL J1820.7-3217,unass,Pulsar,0.56,0.15,0.02,0.255,0.015,0.56,ambiguous
4FGL J2029.4+1013,unass,AGN,0.56,0.56,0.015,0.26,0.085,0.08,ambiguous
4FGL J2249.4+6222,unass,Galactic,0.5591,0.1903,0.0051,0.5591,0.0,0.2455,ambiguous
4FGL J1804.4-0852,unass,Galactic,0.5573,0.065,0.0462,0.5573,0.0101,0.3214,ambiguous
4FGL J1445.9-5907,unass,Galactic,0.5571,0.1816,0.0352,0.5571,0.0,0.2261,ambiguous
4FGL J1741.6-2730,unass,Galactic,0.5562,0.075,0.11,0.5562,0.0,0.2588,ambiguous
4FGL J1630.2-4347,unk,Galactic,0.5561,0.1856,0.0301,0.5561,0.0101,0.218,ambiguous
4FGL J1942.4+0927,unass,AGN,0.5551,0.5551,0.105,0.175,0.0649,0.1,ambiguous
4FGL J1906.4-1757,unass,Pulsar,0.555,0.105,0.025,0.315,0.0,0.555,ambiguous
4FGL J2007.9+2511,unass,Pulsar,0.555,0.045,0.105,0.295,0.0,0.555,ambiguous
4FGL J1858.6-0746,unass,AGN,0.555,0.555,0.04,0.155,0.005,0.245,ambiguous
4FGL J1910.2+0904c,unass,Galactic,0.555,0.17,0.075,0.555,0.035,0.165,ambiguous
4FGL J1032.0+5725,unass,AGN,0.555,0.555,0.01,0.21,0.03,0.195,ambiguous
4FGL J1857.1+0056,unass,Pulsar,0.555,0.005,0.04,0.4,0.0,0.555,ambiguous
4FGL J1803.1-2724,unass,Galactic,0.555,0.14,0.06,0.555,0.005,0.24,ambiguous
4FGL J2304.0+5406e,unass,Galactic,0.555,0.345,0.01,0.555,0.015,0.075,ambiguous
4FGL J0433.0+1327,unass,AGN,0.555,0.555,0.035,0.115,0.005,0.29,ambiguous
4FGL J1710.3-3039,unass,Galactic,0.555,0.18,0.02,0.555,0.0,0.245,ambiguous
4FGL J1758.0-0725,unass,Pulsar,0.555,0.26,0.01,0.17,0.005,0.555,ambiguous
4FGL J1855.7+0224,unk,Galactic,0.555,0.11,0.02,0.555,0.0,0.315,ambiguous
4FGL J1808.2-3005,unass,Galactic,0.555,0.155,0.06,0.555,0.01,0.22,ambiguous
4FGL J1758.0-2953,unass,Galactic,0.5547,0.1051,0.04,0.5547,0.0,0.3002,ambiguous
4FGL J1717.0-3218,unass,Galactic,0.5535,0.0964,0.115,0.5535,0.06,0.1751,ambiguous
4FGL J1445.1-5958c,unass,Galactic,0.5527,0.15,0.16,0.5527,0.01,0.1273,ambiguous
4FGL J1704.3-0754,unass,AGN,0.5517,0.5517,0.1,0.1833,0.01,0.155,ambiguous
4FGL J1800.1-2417c,unass,AGN,0.5505,0.5505,0.025,0.3695,0.005,0.05,ambiguous
4FGL J0620.4+1445,unass,AGN,0.5501,0.5501,0.0499,0.3449,0.0,0.0551,ambiguous
4FGL J1747.8-3006,unass,AGN,0.5501,0.5501,0.07,0.2699,0.005,0.1051,ambiguous
4FGL J2319.0+5102c,unass,AGN,0.5501,0.5501,0.025,0.3344,0.01,0.0804,ambiguous
4FGL J0558.1-2113,unass,AGN,0.55,0.55,0.09,0.14,0.0,0.22,ambiguous
4FGL J1047.5-6532,unass,AGN,0.55,0.55,0.095,0.2183,0.0067,0.1301,ambiguous
4FGL J1814.0+0043,unass,AGN,0.55,0.55,0.045,0.235,0.0,0.17,ambiguous
4FGL J1644.1-3055,unass,AGN,0.55,0.55,0.025,0.355,0.0,0.07,ambiguous
4FGL J1913.4-2652,unass,AGN,0.55,0.55,0.035,0.245,0.055,0.115,ambiguous
4FGL J1735.1-3708,unass,AGN,0.55,0.55,0.14,0.2,0.005,0.105,ambiguous
4FGL J0418.0+6302,unass,AGN,0.55,0.55,0.015,0.1994,0.01,0.2256,ambiguous
4FGL J1802.4-3041,unass,Pulsar,0.55,0.285,0.045,0.1,0.02,0.55,ambiguous
4FGL J1803.7-3207,unass,AGN,0.55,0.55,0.09,0.145,0.0,0.215,ambiguous
4FGL J2358.7+5646,unass,AGN,0.55,0.55,0.05,0.175,0.005,0.22,ambiguous
4FGL J1804.9-1745,unass,Galactic,0.5497,0.1401,0.015,0.5497,0.0,0.2952,ambiguous
4FGL J0323.6+6142,unass,Galactic,0.5494,0.2801,0.0602,0.5494,0.01,0.1003,ambiguous
4FGL J1723.6-4126,unass,Galactic,0.5492,0.3551,0.0201,0.5492,0.0101,0.0655,ambiguous
4FGL J1622.7-5104,unass,Galactic,0.5492,0.1602,0.01,0.5492,0.0101,0.2705,ambiguous
4FGL J1746.4-3541,unass,Galactic,0.5486,0.2703,0.0201,0.5486,0.005,0.156,ambiguous
4FGL J1349.1-5829,unass,Galactic,0.5485,0.215,0.095,0.5485,0.005,0.1365,ambiguous
4FGL J1803.5-1639,unass,Galactic,0.5478,0.1702,0.005,0.5478,0.02,0.257,ambiguous
4FGL J1911.7+1014c,unk,Galactic,0.5474,0.085,0.0719,0.5474,0.0251,0.2706,ambiguous
4FGL J2147.0+5738c,unass,AGN,0.5467,0.5467,0.04,0.305,0.0,0.1083,ambiguous
4FGL J1816.5-1208c,unass,Galactic,0.5466,0.1954,0.0201,0.5466,0.0151,0.2227,ambiguous
4FGL J1244.3-6233,unass,Galactic,0.5458,0.0984,0.0201,0.5458,0.0301,0.3056,ambiguous
4FGL J1808.2-2028e,unk,Pulsar,0.5455,0.025,0.0302,0.3843,0.015,0.5455,ambiguous
4FGL J1817.2-1946c,unass,AGN,0.5451,0.5451,0.015,0.2098,0.005,0.225,ambiguous
4FGL J1444.8+3645,unass,AGN,0.545,0.545,0.005,0.145,0.075,0.23,ambiguous
4FGL J1755.7-3259,unass,Galactic,0.545,0.155,0.255,0.545,0.0,0.045,ambiguous
4FGL J1904.6-2713,unass,AGN,0.545,0.545,0.01,0.2099,0.01,0.2251,ambiguous
4FGL J0405.9+3041c,unass,AGN,0.545,0.545,0.065,0.295,0.02,0.075,ambiguous
4FGL J2054.2+6904,unass,Pulsar,0.545,0.14,0.145,0.145,0.025,0.545,ambiguous
4FGL J1443.7-7037,unass,AGN,0.545,0.545,0.02,0.2,0.01,0.225,ambiguous
4FGL J1831.2+0202,unass,Galactic,0.5449,0.275,0.08,0.5449,0.02,0.0801,ambiguous
4FGL J1647.5-5319,unass,AGN,0.5443,0.5443,0.015,0.2557,0.01,0.175,ambiguous
4FGL J1122.4-6237,unass,Galactic,0.5436,0.1701,0.055,0.5436,0.1,0.1313,ambiguous
4FGL J0527.1+1152,unass,AGN,0.543,0.543,0.055,0.225,0.02,0.157,ambiguous
4FGL J1424.8-6536,unass,Galactic,0.5428,0.2201,0.08,0.5428,0.0,0.1572,ambiguous
4FGL J1006.5-5626c,unass,Galactic,0.5423,0.2023,0.065,0.5423,0.0,0.1904,ambiguous
4FGL J1739.3-2531,unass,Galactic,0.5416,0.0151,0.0051,0.5416,0.0001,0.4381,ambiguous
4FGL J0435.5+3232,unass,AGN,0.54,0.54,0.05,0.125,0.005,0.28,ambiguous
4FGL J1747.7-2141,unass,Galactic,0.54,0.23,0.08,0.54,0.005,0.145,ambiguous
4FGL J1556.4-6911,unass,AGN,0.54,0.54,0.0,0.185,0.025,0.25,ambiguous
4FGL J1743.6-3341,unass,AGN,0.54,0.54,0.02,0.39,0.015,0.035,ambiguous
4FGL J0648.6-3623,unass,AGN,0.54,0.54,0.185,0.165,0.01,0.1,ambiguous
4FGL J2313.4+5947,unass,Galactic,0.54,0.37,0.04,0.54,0.025,0.025,ambiguous
4FGL J2050.4-3015,unass,AGN,0.54,0.54,0.02,0.12,0.015,0.305,ambiguous
4FGL J0951.8-3711,unass,AGN,0.54,0.54,0.025,0.145,0.0,0.29,ambiguous
4FGL J1753.8-2538,unass,Pulsar,0.54,0.015,0.025,0.42,0.0,0.54,ambiguous
4FGL J1824.2+1231,unass,AGN,0.54,0.54,0.0,0.305,0.01,0.145,ambiguous
4FGL J1705.2-3850,unass,Pulsar,0.5398,0.0451,0.005,0.4101,0.0,0.5398,ambiguous
4FGL J1754.8-3200,unass,Pulsar,0.5398,0.0752,0.045,0.34,0.0,0.5398,ambiguous
4FGL J1203.4-6145,unass,Galactic,0.5395,0.0951,0.0351,0.5395,0.0,0.3303,ambiguous
4FGL J1732.7-2559,unass,Galactic,0.5394,0.11,0.085,0.5394,0.0,0.2656,ambiguous
4FGL J1408.9-5845c,unass,Galactic,0.5389,0.21,0.05,0.5389,0.025,0.1761,ambiguous
4FGL J1818.3-1233,unass,Galactic,0.5381,0.0802,0.0607,0.5381,0.0,0.321,ambiguous
4FGL J1410.7-5945,unass,Galactic,0.5367,0.1952,0.025,0.5367,0.0498,0.1933,ambiguous
4FGL J1954.8+2543c,unass,Galactic,0.5365,0.2006,0.0002,0.5365,0.0,0.2627,ambiguous
4FGL J1745.6-3626,unass,Galactic,0.5361,0.2087,0.015,0.5361,0.0101,0.2301,ambiguous
4FGL J1925.3+1522c,unass,Pulsar,0.5357,0.195,0.0151,0.2542,0.0,0.5357,ambiguous
4FGL J1738.2-2510,unass,Pulsar,0.5356,0.265,0.025,0.1694,0.005,0.5356,ambiguous
4FGL J1911.8+1447,unass,AGN,0.5354,0.5354,0.0,0.4099,0.0446,0.0101,ambiguous
4FGL J1406.6-6523,unk,AGN,0.5351,0.5351,0.045,0.3248,0.005,0.09,ambiguous
4FGL J1935.4+3547,unass,AGN,0.5351,0.5351,0.0001,0.2144,0.075,0.1754,ambiguous
4FGL J1834.9-2819,unass,AGN,0.535,0.535,0.075,0.19,0.005,0.195,ambiguous
4FGL J1859.2-0706,unass,Galactic,0.535,0.225,0.0954,0.535,0.0,0.1446,ambiguous
4FGL J1655.5-4737e,unass,Galactic,0.535,0.44,0.02,0.535,0.0,0.005,ambiguous
4FGL J1840.4-1705,unass,AGN,0.535,0.535,0.0,0.36,0.0,0.105,ambiguous
4FGL J1622.4-4249,unass,AGN,0.535,0.535,0.03,0.385,0.02,0.03,ambiguous
4FGL J1719.4-2916,unass,AGN,0.535,0.535,0.12,0.185,0.0,0.16,ambiguous
4FGL J0413.4-8609,unass,AGN,0.535,0.535,0.035,0.235,0.015,0.18,ambiguous
4FGL J1844.7-2110,unass,AGN,0.535,0.535,0.06,0.11,0.0,0.295,ambiguous
4FGL J1906.1+1651,unass,Pulsar,0.535,0.14,0.075,0.25,0.0,0.535,ambiguous
4FGL J1830.0-1515c,unass,Galactic,0.535,0.395,0.04,0.535,0.005,0.025,ambiguous
4FGL J2221.6+6349c,unass,Galactic,0.5348,0.15,0.02,0.5348,0.005,0.2901,ambiguous
4FGL J1717.8-3906,unass,Galactic,0.534,0.1753,0.0102,0.534,0.0001,0.2805,ambiguous
4FGL J0620.1+2246,unass,Galactic,0.5339,0.2655,0.06,0.5339,0.025,0.1156,ambiguous
4FGL J1626.6-4251,unass,Galactic,0.5336,0.1652,0.0251,0.5336,0.0001,0.276,ambiguous
4FGL J1422.3-6059,unass,Galactic,0.5324,0.1951,0.045,0.5324,0.09,0.1376,ambiguous
4FGL J0902.5-4727,unass,Galactic,0.5321,0.11,0.0949,0.5321,0.005,0.258,ambiguous
4FGL J0640.5-2714,unass,AGN,0.5303,0.5303,0.02,0.19,0.1397,0.12,ambiguous
4FGL J2045.0+4202,unass,AGN,0.53,0.53,0.18,0.245,0.03,0.015,ambiguous
4FGL J1802.1-2652,unass,Galactic,0.53,0.055,0.085,0.53,0.0,0.33,ambiguous
4FGL J1645.1-3323,unk,AGN,0.53,0.53,0.035,0.38,0.0,0.055,ambiguous
4FGL J0524.7-8304,unass,AGN,0.53,0.53,0.08,0.225,0.01,0.155,ambiguous
4FGL J1830.7-1634,unass,Galactic,0.53,0.025,0.01,0.53,0.025,0.41,ambiguous
4FGL J1536.5-6855,unass,AGN,0.53,0.53,0.045,0.19,0.03,0.205,ambiguous
4FGL J1814.6-3621,unass,AGN,0.53,0.53,0.015,0.3049,0.055,0.0951,ambiguous
4FGL J1842.2-0328,unass,Galactic,0.5298,0.095,0.1299,0.5298,0.005,0.2403,ambiguous
4FGL J1833.4+1109,unass,Pulsar,0.5298,0.2901,0.005,0.1701,0.005,0.5298,ambiguous
4FGL J1637.9-3851,unass,Pulsar,0.5298,0.2001,0.01,0.2301,0.03,0.5298,ambiguous
4FGL J0540.7+3611c,unass,Galactic,0.5294,0.205,0.015,0.5294,0.005,0.2456,ambiguous
4FGL J1653.2-4349,unass,Pulsar,0.5293,0.04,0.205,0.2207,0.005,0.5293,ambiguous
4FGL J1741.3-3357,unass,Galactic,0.5289,0.1907,0.005,0.5289,0.0051,0.2703,ambiguous
4FGL J1747.8-1827,unass,Galactic,0.5288,0.2152,0.005,0.5288,0.0,0.251,ambiguous
4FGL J1810.6-0945,unass,Galactic,0.5254,0.2608,0.0052,0.5254,0.0,0.2086,ambiguous
4FGL J1801.1-3740,unass,AGN,0.5251,0.5251,0.01,0.2944,0.015,0.1554,ambiguous
4FGL J1534.7-5842,unass,Pulsar,0.5251,0.115,0.045,0.2999,0.015,0.5251,ambiguous
4FGL J1700.4-2746,unass,AGN,0.525,0.525,0.015,0.35,0.01,0.1,ambiguous
4FGL J0840.5-4122c,unass,AGN,0.525,0.525,0.0,0.3799,0.0,0.0951,ambiguous
4FGL J1755.0+0010,unass,AGN,0.525,0.525,0.015,0.375,0.0,0.085,ambiguous
4FGL J1621.0-2625,unass,Pulsar,0.525,0.155,0.095,0.225,0.0,0.525,ambiguous
4FGL J1715.5-0836,unass,AGN,0.525,0.525,0.02,0.23,0.01,0.215,ambiguous
4FGL J1717.5-4022,unass,Galactic,0.525,0.26,0.01,0.525,0.01,0.195,ambiguous
4FGL J1743.2-1404,unass,AGN,0.525,0.525,0.03,0.2908,0.0,0.1542,ambiguous
4FGL J1906.0-1718,unass,Pulsar,0.525,0.19,0.005,0.275,0.005,0.525,ambiguous
4FGL J0942.3-3530,unass,AGN,0.525,0.525,0.235,0.12,0.0,0.12,ambiguous
4FGL J0512.8+5821,unass,AGN,0.525,0.525,0.075,0.225,0.0,0.175,ambiguous
4FGL J1900.9+0538,unass,Galactic,0.5249,0.0451,0.055,0.5249,0.0,0.375,ambiguous
4FGL J1800.5-2910,unass,Galactic,0.5249,0.105,0.2,0.5249,0.005,0.1651,ambiguous
4FGL J0901.3-4848c,unass,Galactic,0.5248,0.3001,0.075,0.5248,0.0,0.1002,ambiguous
4FGL J1758.5-3219,unass,Galactic,0.5245,0.1551,0.005,0.5245,0.01,0.3054,ambiguous
4FGL J1822.6-2502,unass,Galactic,0.5243,0.2,0.0,0.5243,0.015,0.2607,ambiguous
4FGL J2052.8+5739,unass,Galactic,0.5224,0.2551,0.02,0.5224,0.005,0.1975,ambiguous
4FGL J1110.3-6501,unass,AGN,0.5217,0.5217,0.05,0.3131,0.0,0.1153,ambiguous
4FGL J1751.6-3002,unass,AGN,0.5201,0.5201,0.03,0.3015,0.0,0.1484,ambiguous
4FGL J2100.0+1445,unass,AGN,0.5201,0.5201,0.1297,0.2351,0.06,0.0551,ambiguous
4FGL J1913.2+2342,unass,Galactic,0.52,0.235,0.005,0.52,0.025,0.215,ambiguous
4FGL J1637.3-6325,unass,AGN,0.52,0.52,0.03,0.255,0.015,0.18,ambiguous
4FGL J2046.1-1626,unass,Pulsar,0.52,0.275,0.04,0.155,0.01,0.52,ambiguous
4FGL J1912.7+0957,unass,Galactic,0.52,0.015,0.045,0.52,0.0,0.42,ambiguous
4FGL J1949.2-1453,unass,AGN,0.52,0.52,0.025,0.19,0.035,0.23,ambiguous
4FGL J1721.4+1131,unass,AGN,0.52,0.52,0.03,0.26,0.015,0.175,ambiguous
4FGL J1733.2-2915,unass,AGN,0.52,0.52,0.05,0.12,0.0,0.31,ambiguous
4FGL J1838.1-3352,unass,AGN,0.52,0.52,0.055,0.28,0.02,0.125,ambiguous
4FGL J0800.5+3715,unass,AGN,0.52,0.52,0.04,0.22,0.01,0.21,ambiguous
4FGL J2026.3+1431,unass,Pulsar,0.52,0.395,0.02,0.065,0.0,0.52,ambiguous
4FGL J1715.7-4239,unass,Galactic,0.52,0.295,0.115,0.52,0.005,0.065,ambiguous
4FGL J1831.4-2909,unass,Galactic,0.5199,0.275,0.06,0.5199,0.02,0.1251,ambiguous
4FGL J1403.2-5758,unass,Galactic,0.5198,0.1352,0.1169,0.5198,0.0251,0.2031,ambiguous
4FGL J2114.3+5023,unass,Galactic,0.5196,0.1551,0.055,0.5196,0.0051,0.2652,ambiguous
4FGL J1612.4-4419,unass,Galactic,0.5195,0.325,0.0,0.5195,0.005,0.1505,ambiguous
4FGL J1820.5-1059,unass,Galactic,0.5186,0.3493,0.02,0.5186,0.005,0.1071,ambiguous
4FGL J0736.9-3231,unass,Pulsar,0.5183,0.155,0.125,0.2017,0.0,0.5183,ambiguous
4FGL J0904.7-4908c,unk,Galactic,0.518,0.142,0.085,0.518,0.0,0.255,ambiguous
4FGL J0838.4-3952,unass,Galactic,0.5173,0.2967,0.0002,0.5173,0.0,0.1858,ambiguous
4FGL J1216.7-5911,unass,Pulsar,0.5157,0.16,0.0251,0.2992,0.0,0.5157,ambiguous
4FGL J0303.2+5336,unass,AGN,0.5153,0.5153,0.015,0.3391,0.01,0.1205,ambiguous
4FGL J1734.6-2912,unass,Galactic,0.5151,0.315,0.05,0.5151,0.0399,0.08,ambiguous
4FGL J1647.5-5724,unass,AGN,0.515,0.515,0.14,0.245,0.0,0.1,ambiguous
4FGL J0853.6-4306,unass,Pulsar,0.515,0.0962,0.1,0.2788,0.01,0.515,ambiguous
4FGL J1345.7-4703,unass,AGN,0.515,0.515,0.24,0.14,0.005,0.1,ambiguous
4FGL J1416.7-5023,unass,Pulsar,0.515,0.1,0.115,0.26,0.01,0.515,ambiguous
4FGL J1656.1-4706c,unass,Galactic,0.515,0.28,0.045,0.515,0.07,0.09,ambiguous
4FGL J1819.9-1530,unass,Galactic,0.515,0.01,0.015,0.515,0.0,0.46,ambiguous
4FGL J1213.9-4416,unass,Pulsar,0.515,0.12,0.12,0.235,0.01,0.515,ambiguous
4FGL J1808.9-2607,unass,Galactic,0.5149,0.2551,0.01,0.5149,0.005,0.215,ambiguous
4FGL J1704.8-4030,unass,Galactic,0.5146,0.03,0.06,0.5146,0.0,0.3954,ambiguous
4FGL J0052.1+6444,unass,Galactic,0.5146,0.1301,0.1697,0.5146,0.05,0.1356,ambiguous
4FGL J2256.5+6212c,unass,Galactic,0.5145,0.175,0.055,0.5145,0.015,0.2405,ambiguous
4FGL J0711.3-0942,unk,Galactic,0.5145,0.22,0.145,0.5145,0.0,0.1205,ambiguous
4FGL J1727.7-4041,unass,Galactic,0.5145,0.3105,0.045,0.5145,0.055,0.075,ambiguous
4FGL J1049.9-3658,unass,AGN,0.5144,0.5144,0.0,0.015,0.4656,0.005,ambiguous
4FGL J1737.1-2901,unass,Galactic,0.5144,0.19,0.025,0.5144,0.0001,0.2704,ambiguous
4FGL J1505.1-5145,unass,Galactic,0.5143,0.1401,0.06,0.5143,0.035,0.2506,ambiguous
4FGL J0844.9-4117,unass,Galactic,0.5139,0.1603,0.0051,0.5139,0.0101,0.3107,ambiguous
4FGL J0008.4+6926,unass,Galactic,0.5139,0.2551,0.045,0.5139,0.02,0.166,ambiguous
4FGL J1744.7-1557,unass,Galactic,0.5136,0.045,0.025,0.5136,0.005,0.4114,ambiguous
4FGL J1936.6+1921,unass,Galactic,0.5136,0.1439,0.0053,0.5136,0.0,0.3372,ambiguous
4FGL J0615.9+1416,unass,Galactic,0.513,0.3067,0.065,0.513,0.02,0.0953,ambiguous
4FGL J1735.4-2944,unass,Galactic,0.5117,0.1735,0.005,0.5117,0.1348,0.175,ambiguous
4FGL J1538.2-6201,unass,AGN,0.5112,0.5112,0.02,0.2449,0.005,0.2189,ambiguous
4FGL J1901.8-0718,unass,Pulsar,0.5104,0.145,0.0501,0.2946,0.0,0.5104,ambiguous
4FGL J1201.4-6703,unass,AGN,0.5101,0.5101,0.055,0.2888,0.03,0.116,ambiguous
4FGL J1656.4-0410,unass,Pulsar,0.51,0.245,0.015,0.175,0.055,0.51,ambiguous
4FGL J0748.8-1501,unass,AGN,0.51,0.51,0.015,0.245,0.085,0.145,ambiguous
4FGL J1214.7-5858,unass,AGN,0.51,0.51,0.02,0.31,0.01,0.15,ambiguous
4FGL J2058.0+3338,unass,Pulsar,0.51,0.32,0.05,0.115,0.005,0.51,ambiguous
4FGL J1926.5+2635,unass,AGN,0.51,0.51,0.09,0.3,0.0,0.1,ambiguous
4FGL J1731.6-2904,unass,Galactic,0.51,0.46,0.015,0.51,0.0,0.015,ambiguous
4FGL J1748.3-2906,unass,Galactic,0.51,0.005,0.11,0.51,0.0,0.375,ambiguous
4FGL J1250.8-5424,unass,AGN,0.51,0.51,0.085,0.315,0.0399,0.05,ambiguous
4FGL J1707.5-3657,unk,AGN,0.51,0.51,0.105,0.305,0.0,0.08,ambiguous
4FGL J1829.6-2545,unass,Galactic,0.5098,0.21,0.05,0.5098,0.05,0.1801,ambiguous
4FGL J1604.7-4518,unass,Galactic,0.5093,0.2251,0.035,0.5093,0.0,0.2306,ambiguous
4FGL J1744.0-1311,unass,Pulsar,0.5088,0.055,0.055,0.3812,0.0,0.5088,ambiguous
4FGL J1822.8-1118,unass,Galactic,0.507,0.2452,0.0401,0.507,0.0101,0.1976,ambiguous
4FGL J1716.5-5631,unass,AGN,0.5053,0.5053,0.035,0.3039,0.03,0.1257,ambiguous
4FGL J1740.7-2640,unass,Galactic,0.5053,0.01,0.0434,0.5053,0.005,0.4363,ambiguous
4FGL J1826.2-2830,unass,AGN,0.505,0.505,0.055,0.325,0.005,0.11,ambiguous
4FGL J1836.1-2656,unass,AGN,0.505,0.505,0.075,0.3183,0.0017,0.1,ambiguous
4FGL J2201.0-6928,unass,Pulsar,0.505,0.305,0.035,0.155,0.0,0.505,ambiguous
4FGL J1722.8-0418,unass,Galactic,0.505,0.13,0.07,0.505,0.035,0.26,ambiguous
4FGL J1742.2-1229,unass,AGN,0.505,0.505,0.05,0.375,0.0,0.07,ambiguous
4FGL J1903.5-0825,unass,AGN,0.505,0.505,0.03,0.155,0.03,0.28,ambiguous
4FGL J0600.1+0215,unass,AGN,0.505,0.505,0.12,0.255,0.005,0.115,ambiguous
4FGL J1717.6-4404,unass,Galactic,0.5049,0.2651,0.025,0.5049,0.005,0.2001,ambiguous
4FGL J1702.5-4803,unass,Galactic,0.5047,0.24,0.105,0.5047,0.025,0.1253,ambiguous
4FGL J0900.1-4402c,unass,Galactic,0.5047,0.0651,0.0351,0.5047,0.02,0.3751,ambiguous
4FGL J1806.9-2824,unass,Galactic,0.5043,0.2401,0.035,0.5043,0.02,0.2005,ambiguous
4FGL J1011.4-5729c,unass,Galactic,0.5042,0.1501,0.0151,0.5042,0.01,0.3206,ambiguous
4FGL J1603.0-4808,unass,Galactic,0.5041,0.2755,0.0052,0.5041,0.0001,0.2151,ambiguous
4FGL J1742.8-2246,unass,Galactic,0.504,0.0983,0.1003,0.504,0.0,0.2973,ambiguous
4FGL J0211.5+6219,unass,Galactic,0.504,0.2121,0.0951,0.504,0.0101,0.1787,ambiguous
4FGL J1123.2-5111,unass,AGN,0.5025,0.5025,0.055,0.2175,0.025,0.2,ambiguous
4FGL J1757.4-3125,unass,Galactic,0.5009,0.2102,0.035,0.5009,0.005,0.2489,ambiguous
4FGL J1628.6-4553,unass,Galactic,0.5004,0.1752,0.0151,0.5004,0.0051,0.3043,ambiguous
4FGL J1159.3-6122,unk,Galactic,0.5004,0.1017,0.0117,0.5004,0.02,0.3663,ambiguous
4FGL J1356.0-6747,unass,AGN,0.5003,0.5003,0.015,0.3091,0.0,0.1755,ambiguous
4FGL J0906.8-2122,unass,Pulsar,0.5,0.16,0.15,0.19,0.0,0.5,ambiguous
4FGL J1548.1-4416,unass,Pulsar,0.5,0.1601,0.055,0.2849,0.0,0.5,ambiguous
4FGL J0535.0+3615c,unass,AGN,0.5,0.5,0.02,0.2491,0.0151,0.2157,ambiguous
4FGL J1658.5-5034,unass,AGN,0.5,0.5,0.035,0.3899,0.005,0.0701,ambiguous
4FGL J1534.3-3312,unass,AGN,0.5,0.5,0.025,0.085,0.01,0.38,ambiguous
4FGL J1830.7-2414,unass,AGN,0.5,0.5,0.055,0.105,0.005,0.335,ambiguous
4FGL J1709.4-2127,unass,AGN,0.5,0.5,0.0,0.185,0.015,0.3,ambiguous
4FGL J1620.5-5729,unass,Galactic,0.4998,0.2302,0.05,0.4998,0.02,0.2,ambiguous
4FGL J1428.0-6026c,unass,Galactic,0.4998,0.05,0.02,0.4998,0.0,0.4301,ambiguous
4FGL J0125.3+6820,unass,Galactic,0.4996,0.3353,0.015,0.4996,0.0,0.15,ambiguous
4FGL J1644.9-4921,unass,Galactic,0.4995,0.365,0.03,0.4995,0.0,0.1055,ambiguous
4FGL J1635.4-3249,unass,Galactic,0.4995,0.155,0.0376,0.4995,0.0,0.3079,ambiguous
4FGL J0858.4-4615c,unass,Galactic,0.4994,0.1601,0.025,0.4994,0.015,0.3005,ambiguous
4FGL J1312.3-6257,unass,Galactic,0.4993,0.121,0.2544,0.4993,0.02,0.1053,ambiguous
4FGL J1536.2-6023,unass,Galactic,0.499,0.3451,0.0,0.499,0.0,0.1559,ambiguous
4FGL J0328.6+5330,unk,Galactic,0.498,0.325,0.0051,0.498,0.0001,0.1718,ambiguous
4FGL J0853.1-4407,unass,Galactic,0.497,0.192,0.0351,0.497,0.005,0.2709,ambiguous
4FGL J0131.7-5346,unass,AGN,0.4967,0.4967,0.0767,0.11,0.015,0.3017,ambiguous
4FGL J0833.3-4342c,unass,AGN,0.4963,0.4963,0.06,0.2586,0.0,0.1851,ambiguous
4FGL J1850.2-0201,unass,Galactic,0.4953,0.0551,0.05,0.4953,0.005,0.3946,ambiguous
4FGL J0444.4+1621,unass,AGN,0.4952,0.4952,0.2748,0.17,0.005,0.055,ambiguous
4FGL J1320.5-6256c,unass,AGN,0.4951,0.4951,0.02,0.36,0.0549,0.07,ambiguous
4FGL J0854.9-4426,unass,AGN,0.4951,0.4951,0.075,0.1799,0.08,0.1701,ambiguous
4FGL J0535.1-5422,unass,AGN,0.495,0.495,0.1198,0.2802,0.01,0.095,ambiguous
4FGL J1842.5-0359c,unk,Pulsar,0.495,0.085,0.06,0.36,0.0,0.495,ambiguous
4FGL J1818.6-3206,unass,Pulsar,0.495,0.335,0.065,0.105,0.0,0.495,ambiguous
4FGL J1842.4-3135,unass,AGN,0.495,0.495,0.025,0.34,0.02,0.12,ambiguous
4FGL J0545.8-0905,unass,AGN,0.495,0.495,0.045,0.2351,0.1749,0.05,ambiguous
4FGL J0819.5-3439,unk,Galactic,0.4916,0.2724,0.0101,0.4916,0.0151,0.2109,ambiguous
4FGL J1809.9-2813,unass,Galactic,0.4904,0.19,0.035,0.4904,0.025,0.2596,ambiguous
4FGL J1740.7-6750,unass,AGN,0.4904,0.4904,0.075,0.2189,0.0,0.2157,ambiguous
4FGL J1914.1+2621,unass,AGN,0.4902,0.4902,0.01,0.1948,0.03,0.275,ambiguous
4FGL J0612.6+1520c,unass,AGN,0.4901,0.4901,0.0,0.343,0.01,0.1568,ambiguous
4FGL J1757.1-2848c,unass,AGN,0.4901,0.4901,0.065,0.3049,0.0,0.1401,ambiguous
4FGL J1735.2-2153,unass,Galactic,0.49,0.24,0.16,0.49,0.0,0.11,ambiguous
4FGL J1733.0-2837,unass,Galactic,0.49,0.315,0.035,0.49,0.025,0.135,ambiguous
4FGL J1643.3-3148,unass,Galactic,0.49,0.11,0.01,0.49,0.005,0.385,ambiguous
4FGL J1021.8-6308,unass,AGN,0.49,0.49,0.19,0.25,0.015,0.055,ambiguous
4FGL J1759.0-0107,unass,AGN,0.49,0.49,0.005,0.13,0.0,0.375,ambiguous
4FGL J1948.0-2845,unass,AGN,0.49,0.49,0.095,0.205,0.01,0.2,ambiguous
4FGL J0800.7-1059,unass,AGN,0.49,0.49,0.065,0.2444,0.01,0.1906,ambiguous
4FGL J0825.6-5216c,unass,AGN,0.49,0.49,0.21,0.17,0.005,0.125,ambiguous
4FGL J1625.3-2338c,unass,AGN,0.49,0.49,0.175,0.11,0.0,0.225,ambiguous
4FGL J1843.3-1242,unass,Pulsar,0.49,0.16,0.095,0.25,0.005,0.49,ambiguous
4FGL J1749.0-2119,unass,Galactic,0.4899,0.26,0.09,0.4899,0.0,0.1601,ambiguous
4FGL J1709.9-0900,unass,Pulsar,0.4898,0.1551,0.05,0.2951,0.01,0.4898,ambiguous
4FGL J2241.9+5729,unk,Galactic,0.4897,0.2804,0.015,0.4897,0.01,0.2049,ambiguous
4FGL J1920.8+0418,unk,Galactic,0.4896,0.13,0.015,0.4896,0.005,0.3604,ambiguous
4FGL J1849.8-0952,unass,Galactic,0.4894,0.36,0.035,0.4894,0.0,0.1156,ambiguous
4FGL J1831.2-0013,unass,Galactic,0.4888,0.185,0.07,0.4888,0.005,0.2512,ambiguous
4FGL J0918.9-4904c,unass,Galactic,0.4869,0.2092,0.0202,0.4869,0.0075,0.2762,ambiguous
4FGL J2004.1+2517,unk,Pulsar,0.4867,0.145,0.005,0.3383,0.025,0.4867,ambiguous
4FGL J1651.1-5848,unass,Galactic,0.4855,0.2709,0.0051,0.4855,0.015,0.2236,ambiguous
4FGL J1433.5-5457,unk,Galactic,0.4855,0.1094,0.035,0.4855,0.0,0.37,ambiguous
4FGL J2156.6+6354c,unass,AGN,0.4854,0.4854,0.01,0.3699,0.0596,0.0751,ambiguous
4FGL J1210.4-6100c,unass,AGN,0.4852,0.4852,0.09,0.2044,0.01,0.2104,ambiguous
4FGL J1640.9-5853,unass,AGN,0.4851,0.4851,0.1797,0.2202,0.005,0.11,ambiguous
4FGL J0600.7+2012c,unass,AGN,0.485,0.485,0.0,0.3799,0.01,0.1251,ambiguous
4FGL J1917.5-2746,unass,AGN,0.485,0.485,0.06,0.32,0.0,0.135,ambiguous
4FGL J1959.9+1833,unass,AGN,0.485,0.485,0.0,0.155,0.01,0.35,ambiguous
4FGL J1825.5-2647,unass,AGN,0.485,0.485,0.06,0.28,0.005,0.17,ambiguous
4FGL J1704.9-4303,unass,Galactic,0.485,0.205,0.025,0.485,0.01,0.275,ambiguous
4FGL J1811.0-2725,unass,Galactic,0.485,0.35,0.02,0.485,0.015,0.13,ambiguous
4FGL J1803.8-2908,unass,Galactic,0.485,0.13,0.005,0.485,0.0,0.38,ambiguous
4FGL J1737.2-2421,unass,AGN,0.485,0.485,0.245,0.235,0.005,0.03,ambiguous
4FGL J1740.6-2808,unass,Galactic,0.485,0.2,0.075,0.485,0.015,0.225,ambiguous
4FGL J1906.9+0712,unass,Galactic,0.485,0.0,0.07,0.485,0.0,0.445,ambiguous
4FGL J0116.8+6914,unass,Galactic,0.4844,0.1902,0.0201,0.4844,0.02,0.2853,ambiguous
4FGL J1853.6-0620,unass,Galactic,0.4841,0.0901,0.08,0.4841,0.01,0.3358,ambiguous
4FGL J1725.1-1924,unass,Galactic,0.4836,0.0706,0.07,0.4836,0.025,0.3509,ambiguous
4FGL J1814.7-3420,unass,Galactic,0.4835,0.1201,0.1001,0.4835,0.0,0.2963,ambiguous
4FGL J1722.6-3135,unass,Galactic,0.4831,0.1311,0.015,0.4831,0.005,0.3658,ambiguous
4FGL J1454.3-5551,unass,Galactic,0.4829,0.271,0.01,0.4829,0.0,0.2361,ambiguous
4FGL J1808.1-1234,unass,Galactic,0.4823,0.2606,0.0251,0.4823,0.0,0.232,ambiguous
4FGL J1415.4-6458,unass,AGN,0.4812,0.4812,0.04,0.2448,0.025,0.209,ambiguous
4FGL J1813.7-6846,unass,Galactic,0.4801,0.385,0.02,0.4801,0.0,0.1149,ambiguous
4FGL J1256.1-5652,unk,Galactic,0.48,0.135,0.03,0.48,0.0,0.355,ambiguous
4FGL J1500.2+2640,unass,Pulsar,0.48,0.275,0.045,0.2,0.0,0.48,ambiguous
4FGL J0952.5-3902,unass,AGN,0.48,0.48,0.03,0.305,0.01,0.175,ambiguous
4FGL J1419.2-6029,unass,Galactic,0.48,0.355,0.05,0.48,0.06,0.055,ambiguous
4FGL J0031.0-2327,unass,AGN,0.48,0.48,0.065,0.065,0.01,0.38,ambiguous
4FGL J1657.7-4656c,unass,AGN,0.48,0.48,0.015,0.3999,0.04,0.0651,ambiguous
4FGL J1545.5+2839,unass,AGN,0.48,0.48,0.035,0.07,0.0,0.415,ambiguous
4FGL J0544.4+2238,unass,Galactic,0.48,0.3,0.035,0.48,0.01,0.175,ambiguous
4FGL J2323.9+6219,unass,AGN,0.48,0.48,0.025,0.4562,0.005,0.0338,ambiguous
4FGL J0318.8+2848,unass,AGN,0.48,0.48,0.03,0.265,0.03,0.195,ambiguous
4FGL J1615.3-6034,unass,AGN,0.48,0.48,0.165,0.265,0.0,0.09,ambiguous
4FGL J1754.6-2933,unass,Pulsar,0.48,0.01,0.13,0.38,0.0,0.48,ambiguous
4FGL J1622.5-4726,unass,Galactic,0.48,0.1475,0.2375,0.48,0.0,0.135,ambiguous
4FGL J1325.4-4706,unass,AGN,0.48,0.48,0.015,0.21,0.025,0.27,ambiguous
4FGL J1401.3-5012,unass,Galactic,0.48,0.285,0.055,0.48,0.01,0.17,ambiguous
4FGL J0447.2+2446,unass,Pulsar,0.48,0.21,0.015,0.26,0.035,0.48,ambiguous
4FGL J1513.0-3118,unass,Pulsar,0.4798,0.3601,0.005,0.1501,0.005,0.4798,ambiguous
4FGL J1703.6-2850,unass,Galactic,0.4796,0.145,0.05,0.4796,0.0,0.3254,ambiguous
4FGL J0701.3-0403,unass,Galactic,0.479,0.385,0.005,0.479,0.005,0.126,ambiguous
4FGL J1534.0-5232,unass,Galactic,0.4789,0.205,0.0451,0.4789,0.0001,0.2708,ambiguous
4FGL J1741.1-3328,unass,Galactic,0.4785,0.1802,0.0457,0.4785,0.0,0.2956,ambiguous
4FGL J1812.8-3144,unass,Pulsar,0.4784,0.145,0.01,0.3566,0.01,0.4784,ambiguous
4FGL J1416.4-6123c,unass,AGN,0.4781,0.4781,0.0101,0.3792,0.0726,0.06,ambiguous
4FGL J0700.6+3558,unass,AGN,0.4755,0.4755,0.0695,0.08,0.01,0.365,ambiguous
4FGL J0559.2+2557,unass,AGN,0.4753,0.4753,0.01,0.2717,0.0467,0.1963,ambiguous
4FGL J1806.2-1347,unass,Galactic,0.4752,0.1467,0.0152,0.4752,0.0051,0.3578,ambiguous
4FGL J1657.3-6232,unass,AGN,0.475,0.475,0.02,0.345,0.005,0.155,ambiguous
4FGL J1618.8-0502,unass,Galactic,0.475,0.355,0.005,0.475,0.03,0.135,ambiguous
4FGL J1343.5-6827,unass,AGN,0.475,0.475,0.015,0.2848,0.015,0.2101,ambiguous
4FGL J0531.4-0058c,unass,AGN,0.475,0.475,0.12,0.155,0.055,0.195,ambiguous
4FGL J1816.3-2903,unass,Pulsar,0.475,0.19,0.03,0.275,0.03,0.475,ambiguous
4FGL J2210.2+5919,unass,Galactic,0.475,0.185,0.09,0.475,0.0,0.25,ambiguous
4FGL J1317.5-0153,unass,AGN,0.475,0.475,0.045,0.11,0.005,0.365,ambiguous
4FGL J1209.2-6009,unass,Galactic,0.475,0.1373,0.1112,0.475,0.02,0.2565,ambiguous
4FGL J1720.6-2653c,unass,Galactic,0.4749,0.385,0.0525,0.4749,0.01,0.0776,ambiguous
4FGL J1415.3-6110c,unass,Galactic,0.4748,0.235,0.05,0.4748,0.0202,0.22,ambiguous
4FGL J1552.6-4603c,unass,Galactic,0.4739,0.3002,0.0602,0.4739,0.005,0.1608,ambiguous
4FGL J1856.7+0125c,unass,Galactic,0.4737,0.0402,0.0552,0.4737,0.0,0.4309,ambiguous
4FGL J1351.2-6115c,unass,Galactic,0.4727,0.1702,0.0302,0.4727,0.0001,0.3268,ambiguous
4FGL J1645.8-4533c,unk,Galactic,0.4715,0.0216,0.2716,0.4715,0.005,0.2304,ambiguous
4FGL J0847.8-4138,unass,Galactic,0.4714,0.3311,0.0001,0.4714,0.0001,0.1973,ambiguous
4FGL J1056.2-6323,unass,AGN,0.4708,0.4708,0.01,0.3167,0.0,0.2025,ambiguous
4FGL J1853.4-1605,unass,AGN,0.4701,0.4701,0.09,0.297,0.0,0.1429,ambiguous
4FGL J1755.9-4009,unass,AGN,0.47,0.47,0.025,0.265,0.005,0.235,ambiguous
4FGL J1647.1-5418,unass,AGN,0.47,0.47,0.11,0.31,0.0,0.11,ambiguous
4FGL J1311.7-6617c,unass,AGN,0.47,0.47,0.0451,0.2899,0.0,0.1951,ambiguous
4FGL J1544.2-2554,unass,Pulsar,0.47,0.055,0.3,0.175,0.0,0.47,ambiguous
4FGL J1955.8+1154,unass,AGN,0.47,0.47,0.05,0.16,0.01,0.31,ambiguous
4FGL J1959.1+1646,unass,Pulsar,0.47,0.2902,0.025,0.17,0.0448,0.47,ambiguous
4FGL J1959.8-1835,unass,AGN,0.47,0.47,0.02,0.355,0.01,0.145,ambiguous
4FGL J0341.9+3153c,unass,Galactic,0.47,0.21,0.05,0.47,0.065,0.205,ambiguous
4FGL J2205.0+0943,unass,AGN,0.47,0.47,0.03,0.255,0.005,0.24,ambiguous
4FGL J1905.2-5120,unass,AGN,0.47,0.47,0.135,0.17,0.01,0.215,ambiguous
4FGL J1727.6-0849,unass,AGN,0.47,0.47,0.02,0.165,0.01,0.335,ambiguous
4FGL J1334.6-4435,unass,AGN,0.47,0.47,0.125,0.245,0.03,0.13,ambiguous
4FGL J1705.8+2226,unass,AGN,0.47,0.47,0.0,0.31,0.025,0.195,ambiguous
4FGL J0526.4+1114,unass,AGN,0.47,0.47,0.055,0.3495,0.005,0.1205,ambiguous
4FGL J1615.9-4322,unass,Galactic,0.4696,0.3652,0.035,0.4696,0.005,0.1252,ambiguous
4FGL J1556.0-4713,unk,Galactic,0.4694,0.2902,0.125,0.4694,0.015,0.1004,ambiguous
4FGL J1732.8-3725,unk,Galactic,0.4691,0.3902,0.03,0.4691,0.02,0.0907,ambiguous
4FGL J0144.3+5959,unass,Galactic,0.4691,0.3401,0.0901,0.4691,0.015,0.0857,ambiguous
4FGL J1818.5-2036,unass,Galactic,0.4684,0.2703,0.05,0.4684,0.0001,0.2112,ambiguous
4FGL J0427.9+3632c,unass,AGN,0.4673,0.4673,0.03,0.3388,0.0,0.164,ambiguous
4FGL J0138.6+6821,unk,AGN,0.4655,0.4655,0.025,0.4145,0.03,0.065,ambiguous
4FGL J1206.8-5836,unass,AGN,0.4651,0.4651,0.205,0.1799,0.0,0.15,ambiguous
4FGL J0001.6+3503,unass,AGN,0.4651,0.4651,0.01,0.25,0.1399,0.135,ambiguous
4FGL J1944.8+4301,unass,Pulsar,0.465,0.32,0.08,0.135,0.0,0.465,ambiguous
4FGL J1133.7-6223c,unass,Pulsar,0.465,0.065,0.04,0.43,0.0,0.465,ambiguous
4FGL J1207.9-6443c,unass,Pulsar,0.465,0.22,0.115,0.2,0.0,0.465,ambiguous
4FGL J1808.4-3522,unass,AGN,0.465,0.465,0.085,0.171,0.01,0.269,ambiguous
4FGL J1847.7-3433,unass,AGN,0.465,0.465,0.005,0.29,0.0,0.24,ambiguous
4FGL J1816.8-2800,unass,Galactic,0.465,0.355,0.05,0.465,0.0,0.13,ambiguous
4FGL J1657.2-4020c,unk,Galactic,0.465,0.155,0.16,0.465,0.015,0.205,ambiguous
4FGL J1745.5-2249,unass,Galactic,0.465,0.22,0.03,0.465,0.005,0.28,ambiguous
4FGL J1907.0+3556,unass,AGN,0.465,0.465,0.02,0.24,0.045,0.23,ambiguous
4FGL J1433.8-6357,unass,Pulsar,0.465,0.29,0.045,0.2,0.0,0.465,ambiguous
4FGL J1906.4-2001,unass,Galactic,0.465,0.21,0.085,0.465,0.035,0.205,ambiguous
4FGL J2026.0+4718,unass,Pulsar,0.4648,0.38,0.025,0.1202,0.01,0.4648,ambiguous
4FGL J0613.1+1749c,unass,Galactic,0.4648,0.345,0.1,0.4648,0.02,0.0702,ambiguous
4FGL J0901.1-4456c,unass,Galactic,0.4646,0.085,0.2901,0.4646,0.005,0.1554,ambiguous
4FGL J1654.5-5509,unass,Galactic,0.4643,0.2454,0.01,0.4643,0.015,0.2652,ambiguous
4FGL J1739.7-2836,unass,Galactic,0.4636,0.2351,0.055,0.4636,0.0,0.2463,ambiguous
4FGL J1947.1+1729,unass,Galactic,0.4633,0.2517,0.035,0.4633,0.0,0.25,ambiguous
4FGL J1719.0-4221,unass,Galactic,0.463,0.291,0.005,0.463,0.0,0.241,ambiguous
4FGL J1650.9-4420c,unass,Galactic,0.4624,0.2254,0.0251,0.4624,0.0,0.2871,ambiguous
4FGL J1908.8-1041,unass,AGN,0.4611,0.4611,0.06,0.2622,0.0,0.2167,ambiguous
4FGL J1746.0-2349,unass,Galactic,0.4609,0.2802,0.025,0.4609,0.0,0.2339,ambiguous
4FGL J1418.2-5400,unass,Pulsar,0.4608,0.32,0.005,0.1992,0.015,0.4608,ambiguous
4FGL J1919.4+1313,unass,Galactic,0.4608,0.1956,0.0302,0.4608,0.0017,0.3117,ambiguous
4FGL J0612.9+1150,unass,AGN,0.4607,0.4607,0.02,0.304,0.0248,0.1905,ambiguous
4FGL J0926.1-5336,unass,Pulsar,0.4602,0.1001,0.1146,0.3201,0.005,0.4602,ambiguous
4FGL J1622.8-4454,unass,AGN,0.4601,0.4601,0.0,0.2786,0.035,0.2263,ambiguous
4FGL J1909.2+4646,unass,AGN,0.46,0.46,0.01,0.2514,0.055,0.2236,ambiguous
4FGL J1532.9-0313,unass,AGN,0.46,0.46,0.005,0.27,0.02,0.245,ambiguous
4FGL J1639.0-2727,unass,AGN,0.46,0.46,0.075,0.325,0.0,0.14,ambiguous
4FGL J2027.0+3343,unk,AGN,0.46,0.46,0.025,0.4549,0.015,0.0451,ambiguous
4FGL J1654.2-3136,unass,Galactic,0.46,0.37,0.005,0.46,0.005,0.16,ambiguous
4FGL J1516.4-2640,unass,AGN,0.46,0.46,0.02,0.11,0.02,0.39,ambiguous
4FGL J0441.4+5058,unass,AGN,0.46,0.46,0.14,0.29,0.025,0.085,ambiguous
4FGL J1853.3-2447,unass,AGN,0.46,0.46,0.17,0.215,0.01,0.145,ambiguous
4FGL J1856.5+1735,unass,Pulsar,0.4594,0.1105,0.0312,0.3738,0.025,0.4594,ambiguous
4FGL J1750.6-1906,unass,Galactic,0.458,0.1801,0.05,0.458,0.0101,0.3018,ambiguous
4FGL J1834.7-0724c,unass,Pulsar,0.4575,0.05,0.2007,0.2918,0.0,0.4575,ambiguous
4FGL J1851.5+0718,unass,Galactic,0.4572,0.1202,0.025,0.4572,0.0001,0.3974,ambiguous
4FGL J1907.2+2323,unass,AGN,0.4569,0.4569,0.015,0.3581,0.01,0.16,ambiguous
4FGL J0604.8+1653c,unass,AGN,0.4556,0.4556,0.0,0.2954,0.01,0.239,ambiguous
4FGL J1810.2-3054,unass,Galactic,0.4553,0.1851,0.09,0.4553,0.01,0.2597,ambiguous
4FGL J1759.4-3103,unass,AGN,0.4551,0.4551,0.1847,0.265,0.0,0.0952,ambiguous
4FGL J1936.8-0553,unass,AGN,0.4551,0.4551,0.005,0.3742,0.005,0.1606,ambiguous
4FGL J1818.8-0828,unass,AGN,0.4551,0.4551,0.05,0.2199,0.01,0.2651,ambiguous
4FGL J1500.1-5846,unass,Galactic,0.455,0.265,0.095,0.455,0.025,0.16,ambiguous
4FGL J1130.5-6236c,unass,AGN,0.455,0.455,0.11,0.34,0.025,0.07,ambiguous
4FGL J2342.4-4739,unass,Pulsar,0.455,0.11,0.075,0.355,0.005,0.455,ambiguous
4FGL J1700.2-4237c,unass,Galactic,0.455,0.185,0.06,0.455,0.0,0.3,ambiguous
4FGL J0136.4+6911,unass,Galactic,0.455,0.415,0.05,0.455,0.005,0.075,ambiguous
4FGL J0813.1-5049,unass,AGN,0.455,0.455,0.33,0.17,0.0,0.045,ambiguous
4FGL J0811.0-5636,unass,AGN,0.455,0.455,0.04,0.22,0.005,0.28,ambiguous
4FGL J0034.6+6438,unass,AGN,0.455,0.455,0.085,0.34,0.0,0.12,ambiguous
4FGL J2031.7+3138,unass,Galactic,0.455,0.235,0.015,0.455,0.005,0.29,ambiguous
4FGL J2056.4-5922,unass,AGN,0.455,0.455,0.13,0.12,0.01,0.285,ambiguous
4FGL J1231.7-6653,unass,Galactic,0.4548,0.4301,0.015,0.4548,0.0,0.1001,ambiguous
4FGL J1820.3-2646,unass,AGN,0.4543,0.4543,0.015,0.3707,0.005,0.155,ambiguous
4FGL J2357.7+6802,unass,Galactic,0.4542,0.3201,0.0101,0.4542,0.01,0.2056,ambiguous
4FGL J1915.7-0846,unass,Galactic,0.4542,0.3001,0.01,0.4542,0.07,0.1656,ambiguous
4FGL J2110.7+5129,unass,Galactic,0.4541,0.3808,0.0001,0.4541,0.01,0.155,ambiguous
4FGL J1645.2-5218,unass,Galactic,0.454,0.3855,0.0,0.454,0.0,0.1604,ambiguous
4FGL J0618.7+1211,unass,Galactic,0.4534,0.191,0.0651,0.4534,0.01,0.2805,ambiguous
4FGL J1953.5+3841,unass,Galactic,0.4528,0.1353,0.1051,0.4528,0.03,0.2768,ambiguous
4FGL J1720.6-3706,unk,Pulsar,0.4516,0.1003,0.0151,0.433,0.0,0.4516,ambiguous
4FGL J1543.4-5925,unass,Galactic,0.4512,0.1751,0.01,0.4512,0.005,0.3587,ambiguous
4FGL J0005.5+6634,unass,Galactic,0.4508,0.3867,0.0101,0.4508,0.005,0.1474,ambiguous
4FGL J1810.5-1415,unass,AGN,0.4503,0.4503,0.0251,0.277,0.0001,0.2476,ambiguous
4FGL J1633.4-5845,unass,AGN,0.4501,0.4501,0.0151,0.343,0.0,0.1918,ambiguous
4FGL J1118.6-6159,unass,Galactic,0.4501,0.185,0.1649,0.4501,0.01,0.19,ambiguous
4FGL J0946.0-5447,unass,Galactic,0.45,0.4201,0.005,0.45,0.0849,0.04,ambiguous
4FGL J1850.8-1105,unass,Pulsar,0.45,0.14,0.01,0.395,0.005,0.45,ambiguous
4FGL J0328.0+6046,unass,AGN,0.45,0.45,0.01,0.3349,0.0,0.2051,ambiguous
4FGL J0548.6+1200,unass,AGN,0.45,0.45,0.22,0.23,0.0,0.1,ambiguous
4FGL J1818.1-2000,unass,Pulsar,0.45,0.065,0.055,0.43,0.0,0.45,ambiguous
4FGL J1626.9-3651,unass,AGN,0.45,0.45,0.025,0.285,0.005,0.235,ambiguous
4FGL J1729.7-4242,unass,AGN,0.45,0.45,0.045,0.17,0.0,0.335,ambiguous
4FGL J1824.7+2403,unass,Pulsar,0.45,0.315,0.015,0.21,0.01,0.45,ambiguous
4FGL J1834.9-0800,unass,Pulsar,0.4493,0.07,0.0607,0.4201,0.0,0.4493,ambiguous
4FGL J2120.0+5257,unass,Galactic,0.4493,0.2609,0.1543,0.4493,0.0051,0.1304,ambiguous
4FGL J1848.2-1309,unass,Galactic,0.4492,0.2296,0.02,0.4492,0.015,0.2862,ambiguous
4FGL J1818.8-2255,unass,Galactic,0.4492,0.2485,0.04,0.4492,0.0351,0.2273,ambiguous
4FGL J1729.4-2646,unass,Galactic,0.4491,0.1651,0.015,0.4491,0.0001,0.3707,ambiguous
4FGL J1534.4-6719,unass,Galactic,0.4483,0.37,0.01,0.4483,0.01,0.1617,ambiguous
4FGL J1020.4-5314,unass,Galactic,0.4482,0.05,0.1,0.4482,0.03,0.3718,ambiguous
4FGL J2047.5+4356,unass,Galactic,0.4458,0.2971,0.0051,0.4458,0.0,0.252,ambiguous
4FGL J0359.3+3626,unass,AGN,0.4457,0.4457,0.045,0.3861,0.02,0.1031,ambiguous
4FGL J1912.2-3636,unass,AGN,0.4456,0.4456,0.025,0.2388,0.01,0.2806,ambiguous
4FGL J0919.5-6203,unass,Pulsar,0.4452,0.23,0.1548,0.17,0.0,0.4452,ambiguous
4FGL J2230.6+6619c,unass,AGN,0.445,0.445,0.05,0.365,0.0,0.14,ambiguous
4FGL J1738.1-2453,unass,Galactic,0.445,0.12,0.075,0.445,0.005,0.355,ambiguous
4FGL J1900.4-4941,unass,AGN,0.445,0.445,0.01,0.305,0.03,0.21,ambiguous
4FGL J1759.8-1250,unass,Galactic,0.445,0.185,0.025,0.445,0.025,0.32,ambiguous
4FGL J0718.8-5004,unass,Pulsar,0.445,0.375,0.045,0.13,0.005,0.445,ambiguous
4FGL J1708.8-0923,unass,AGN,0.445,0.445,0.04,0.22,0.01,0.285,ambiguous
4FGL J1701.3-4924,unass,Galactic,0.445,0.24,0.015,0.445,0.005,0.295,ambiguous
4FGL J2059.7+4837,unk,Pulsar,0.445,0.2051,0.03,0.3049,0.015,0.445,ambiguous
4FGL J1616.0-4501,unass,Galactic,0.4449,0.135,0.315,0.4449,0.005,0.1,ambiguous
4FGL J1757.6-2731,unass,Galactic,0.4445,0.1551,0.015,0.4445,0.0,0.3854,ambiguous
4FGL J1210.4-6250,unass,Galactic,0.4437,0.0501,0.0754,0.4437,0.0,0.4308,ambiguous
4FGL J1832.4-0152c,unass,Galactic,0.4432,0.245,0.0605,0.4432,0.01,0.2412,ambiguous
4FGL J1622.0-5157c,unass,Galactic,0.4432,0.2603,0.0002,0.4432,0.0051,0.2912,ambiguous
4FGL J1424.2-6111c,unass,Galactic,0.4425,0.145,0.02,0.4425,0.0267,0.3658,ambiguous
4FGL J0314.1+5033,unass,Galactic,0.4417,0.335,0.015,0.4417,0.0,0.2083,ambiguous
4FGL J0632.7+1215,unass,Galactic,0.4412,0.3003,0.0101,0.4412,0.1017,0.1467,ambiguous
4FGL J1745.6-3145,unass,AGN,0.4404,0.4404,0.09,0.3095,0.01,0.1501,ambiguous
4FGL J1914.6-1157,unass,AGN,0.4401,0.4401,0.01,0.2333,0.005,0.3116,ambiguous
4FGL J0358.6+5912c,unass,AGN,0.44,0.44,0.045,0.245,0.08,0.19,ambiguous
4FGL J1750.8-4405,unass,AGN,0.44,0.44,0.03,0.375,0.005,0.15,ambiguous
4FGL J1706.8-4540,unass,Galactic,0.44,0.315,0.13,0.44,0.015,0.1,ambiguous
4FGL J1844.8-0957,unass,Galactic,0.44,0.195,0.175,0.44,0.0,0.19,ambiguous
4FGL J1609.6-4837,unass,Galactic,0.44,0.235,0.175,0.44,0.005,0.145,ambiguous
4FGL J1700.8-5218,unass,AGN,0.44,0.44,0.0201,0.2942,0.0,0.2457,ambiguous
4FGL J1701.8-2226,unass,AGN,0.44,0.44,0.02,0.255,0.045,0.24,ambiguous
4FGL J1956.6-7011,unass,AGN,0.44,0.44,0.04,0.135,0.07,0.315,ambiguous
4FGL J1429.8-0739,unass,AGN,0.44,0.44,0.04,0.14,0.0,0.38,ambiguous
4FGL J1805.8-0803,unk,Galactic,0.44,0.295,0.04,0.44,0.01,0.215,ambiguous
4FGL J1920.0-2622,unass,Pulsar,0.44,0.31,0.085,0.155,0.01,0.44,ambiguous
4FGL J0048.6-6347,unass,AGN,0.44,0.44,0.095,0.13,0.025,0.31,ambiguous
4FGL J1619.8-5144,unass,Galactic,0.4399,0.43,0.015,0.4399,0.01,0.1051,ambiguous
4FGL J1748.2-1942,unass,Galactic,0.4397,0.101,0.04,0.4397,0.01,0.4093,ambiguous
4FGL J1735.2-4200,unass,Galactic,0.4394,0.2351,0.225,0.4394,0.0,0.1004,ambiguous
4FGL J1456.8-6122,unass,AGN,0.4383,0.4383,0.005,0.4342,0.035,0.0875,ambiguous
4FGL J1835.1-0517,unass,Galactic,0.4375,0.135,0.025,0.4375,0.0667,0.3358,ambiguous
4FGL J1826.5-1202c,unass,Galactic,0.4362,0.1802,0.0103,0.4362,0.0,0.3732,ambiguous
4FGL J1934.2+1036,unass,AGN,0.4351,0.4351,0.0601,0.404,0.01,0.0908,ambiguous
4FGL J1822.9-4718,unass,Pulsar,0.435,0.165,0.075,0.315,0.01,0.435,ambiguous
4FGL J1700.0-0122,unass,Galactic,0.435,0.285,0.06,0.435,0.02,0.2,ambiguous
4FGL J1748.8-3915,unass,Pulsar,0.435,0.145,0.2,0.22,0.0,0.435,ambiguous
4FGL J1840.4-1139,unass,Pulsar,0.435,0.04,0.105,0.42,0.0,0.435,ambiguous
4FGL J0534.2+2751,unass,AGN,0.435,0.435,0.0397,0.295,0.085,0.1453,ambiguous
4FGL J1205.1-5951,unass,AGN,0.435,0.435,0.011,0.3447,0.0443,0.165,ambiguous
4FGL J1737.5-4306,unass,AGN,0.435,0.435,0.0,0.3533,0.0,0.2117,ambiguous
4FGL J1551.7-4257,unass,AGN,0.435,0.435,0.105,0.3,0.03,0.13,ambiguous
4FGL J1727.4+0326,unass,AGN,0.435,0.435,0.025,0.225,0.01,0.305,ambiguous
4FGL J1559.7-4518,unass,Galactic,0.435,0.23,0.075,0.435,0.015,0.245,ambiguous
4FGL J1718.3-3001,unk,Galactic,0.435,0.22,0.025,0.435,0.0,0.32,ambiguous
4FGL J2120.5+4331,unass,AGN,0.4348,0.4348,0.0151,0.2974,0.0247,0.2281,ambiguous
4FGL J1652.2-4516,unass,Galactic,0.4347,0.235,0.105,0.4347,0.005,0.2203,ambiguous
4FGL J0622.5+3120,unass,Galactic,0.4346,0.2451,0.07,0.4346,0.0,0.2503,ambiguous
4FGL J0704.0-1153c,unass,Galactic,0.4345,0.2751,0.1798,0.4345,0.0,0.1106,ambiguous
4FGL J0704.6-1055c,unass,Galactic,0.4341,0.1251,0.056,0.4341,0.065,0.3198,ambiguous
4FGL J0552.0+0256c,unass,Galactic,0.4333,0.2158,0.26,0.4333,0.01,0.0808,ambiguous
4FGL J1946.1+2436c,unk,Pulsar,0.432,0.2851,0.0351,0.2377,0.01,0.432,ambiguous
4FGL J0334.3+4820,unass,AGN,0.4317,0.4317,0.0953,0.3326,0.045,0.0953,ambiguous
4FGL J1551.3-4920,unass,AGN,0.4304,0.4304,0.02,0.359,0.005,0.1856,ambiguous
4FGL J1213.6-5954,unass,Pulsar,0.4304,0.1402,0.035,0.3944,0.0,0.4304,ambiguous
4FGL J2056.4+4351c,unk,Galactic,0.4301,0.0613,0.175,0.4301,0.0,0.3337,ambiguous
4FGL J1912.7+4610,unass,Pulsar,0.43,0.26,0.07,0.225,0.015,0.43,ambiguous
4FGL J1513.7-1519,unass,Pulsar,0.43,0.415,0.01,0.145,0.0,0.43,ambiguous
4FGL J1714.9-5230,unass,AGN,0.43,0.43,0.015,0.395,0.01,0.15,ambiguous
4FGL J1227.8-7004,unass,AGN,0.43,0.43,0.02,0.4,0.01,0.14,ambiguous
4FGL J2050.0+4114c,unass,Galactic,0.43,0.23,0.095,0.43,0.005,0.24,ambiguous
4FGL J0601.0-1016c,unass,AGN,0.43,0.43,0.115,0.275,0.01,0.17,ambiguous
4FGL J0533.2+3024c,unass,Galactic,0.43,0.34,0.11,0.43,0.01,0.11,ambiguous
4FGL J1812.2-0856,unass,Galactic,0.4299,0.35,0.02,0.4299,0.0,0.2001,ambiguous
4FGL J1815.3-1336,unass,Galactic,0.4298,0.2451,0.045,0.4298,0.005,0.2751,ambiguous
4FGL J1825.2+0715,unass,Galactic,0.4297,0.35,0.02,0.4297,0.0351,0.1652,ambiguous
4FGL J1629.3-4822c,unass,Galactic,0.4297,0.115,0.15,0.4297,0.0,0.3053,ambiguous
4FGL J1243.1-6754c,unass,Galactic,0.4294,0.3251,0.06,0.4294,0.0,0.1854,ambiguous
4FGL J1729.2-2509,unass,Galactic,0.4293,0.2101,0.0701,0.4293,0.0,0.2905,ambiguous
4FGL J1816.4-0057,unass,Galactic,0.4263,0.3002,0.0,0.4263,0.03,0.2435,ambiguous
4FGL J0725.3-2550c,unass,Galactic,0.4261,0.2755,0.025,0.4261,0.0167,0.2567,ambiguous
4FGL J1501.6-5236,unass,AGN,0.4251,0.4251,0.03,0.3844,0.005,0.1554,ambiguous
4FGL J0739.6-4530,unass,AGN,0.4251,0.4251,0.025,0.25,0.0799,0.22,ambiguous
4FGL J1220.1-5558,unass,AGN,0.425,0.425,0.025,0.335,0.0,0.215,ambiguous
4FGL J1126.0-5007,unass,Pulsar,0.425,0.335,0.025,0.215,0.0,0.425,ambiguous
4FGL J1617.4-5812,unass,AGN,0.425,0.425,0.1772,0.2751,0.0,0.1227,ambiguous
4FGL J1646.7-2154,unass,AGN,0.425,0.425,0.35,0.115,0.0,0.11,ambiguous
4FGL J1451.4-5142,unass,AGN,0.425,0.425,0.105,0.245,0.01,0.215,ambiguous
4FGL J1808.4-4521,unass,AGN,0.425,0.425,0.035,0.305,0.02,0.215,ambiguous
4FGL J1517.0-4600,unass,Galactic,0.425,0.34,0.0789,0.425,0.005,0.1511,ambiguous
4FGL J1802.4+3634,unass,AGN,0.425,0.425,0.02,0.195,0.0,0.36,ambiguous
4FGL J1359.5-6615,unass,AGN,0.425,0.425,0.19,0.27,0.025,0.09,ambiguous
4FGL J1608.8-4803,unass,Binary,0.425,0.195,0.425,0.295,0.0,0.085,ambiguous
4FGL J0412.5+6519c,unass,AGN,0.425,0.425,0.025,0.225,0.015,0.31,ambiguous
4FGL J0855.0-6026,unass,AGN,0.425,0.425,0.0952,0.3695,0.0,0.1103,ambiguous
4FGL J0431.0+3529c,unass,AGN,0.425,0.425,0.17,0.2549,0.03,0.1201,ambiguous
4FGL J0140.4+5114,unass,AGN,0.425,0.425,0.05,0.27,0.085,0.17,ambiguous
4FGL J1758.7-4109,unass,Galactic,0.425,0.235,0.055,0.425,0.02,0.265,ambiguous
4FGL J0346.2+3235c,unass,AGN,0.425,0.425,0.185,0.26,0.055,0.075,ambiguous
4FGL J2001.5+1611,unass,Galactic,0.4248,0.35,0.095,0.4248,0.005,0.1252,ambiguous
4FGL J0730.5-1831c,unk,Galactic,0.4245,0.3505,0.04,0.4245,0.025,0.16,ambiguous
4FGL J0709.1-1034c,unass,Galactic,0.4228,0.2001,0.1716,0.4228,0.0051,0.2004,ambiguous
4FGL J2233.3+6530c,unass,Galactic,0.4225,0.1463,0.105,0.4225,0.0,0.3262,ambiguous
4FGL J1338.4-5923,unass,Galactic,0.4224,0.2369,0.1153,0.4224,0.005,0.2203,ambiguous
4FGL J1606.2-4602,unass,Galactic,0.4219,0.3004,0.075,0.4219,0.0,0.2027,ambiguous
4FGL J0816.0-2342,unk,AGN,0.4216,0.4216,0.0251,0.3728,0.04,0.1406,ambiguous
4FGL J2350.7+6738c,unass,AGN,0.4216,0.4216,0.0151,0.36,0.0217,0.1816,ambiguous
4FGL J0204.7+6656,unass,Galactic,0.4201,0.2,0.02,0.4201,0.005,0.3549,ambiguous
4FGL J2114.8+6000c,unass,AGN,0.4201,0.4201,0.0755,0.3088,0.01,0.1856,ambiguous
4FGL J0857.0-4353c,unass,AGN,0.4201,0.4201,0.2849,0.23,0.0,0.065,ambiguous
4FGL J0500.9-6945e,unass,AGN,0.4201,0.4201,0.005,0.3351,0.2198,0.02,ambiguous
4FGL J1740.4-2850,unass,AGN,0.42,0.42,0.07,0.14,0.025,0.345,ambiguous
4FGL J2221.1+6605,unass,AGN,0.42,0.42,0.015,0.2292,0.0208,0.315,ambiguous
4FGL J1451.4-5422,unass,Galactic,0.42,0.3617,0.0267,0.42,0.0,0.1917,ambiguous
4FGL J1858.5-4446,unass,AGN,0.42,0.42,0.015,0.295,0.0,0.27,ambiguous
4FGL J1547.6-6106,unass,AGN,0.42,0.42,0.045,0.34,0.005,0.19,ambiguous
4FGL J1835.3-2439,unass,AGN,0.42,0.42,0.05,0.32,0.0,0.21,ambiguous
4FGL J0701.3-0327c,unass,Galactic,0.42,0.395,0.09,0.42,0.005,0.09,ambiguous
4FGL J1829.4-1500c,unass,Galactic,0.42,0.36,0.11,0.42,0.07,0.04,ambiguous
4FGL J1439.2-5142,unass,AGN,0.42,0.42,0.035,0.2898,0.045,0.2102,ambiguous
4FGL J1752.7-3810,unass,AGN,0.42,0.42,0.02,0.1938,0.005,0.3612,ambiguous
4FGL J1708.6-4312,unk,Pulsar,0.42,0.225,0.04,0.315,0.0,0.42,ambiguous
4FGL J1758.8-1654,unass,AGN,0.42,0.42,0.05,0.1301,0.0,0.3999,ambiguous
4FGL J0311.3+2940,unass,AGN,0.42,0.42,0.11,0.41,0.0,0.06,ambiguous
4FGL J1902.8-0855,unass,Galactic,0.4197,0.3901,0.01,0.4197,0.01,0.1702,ambiguous
4FGL J0830.1-5454c,unass,Galactic,0.4195,0.4047,0.06,0.4195,0.0,0.1157,ambiguous
4FGL J1722.1-4007,unass,Galactic,0.4194,0.3402,0.055,0.4194,0.0,0.1854,ambiguous
4FGL J0330.7+5845,unass,Galactic,0.418,0.3507,0.065,0.418,0.0,0.1662,ambiguous
4FGL J1801.0-3402,unass,Galactic,0.4177,0.3666,0.0825,0.4177,0.01,0.1232,ambiguous
4FGL J1754.3-4443,unass,Galactic,0.4154,0.2103,0.015,0.4154,0.0,0.3593,ambiguous
4FGL J0436.9+2915,unass,Pulsar,0.4153,0.165,0.0947,0.23,0.095,0.4153,ambiguous
4FGL J1954.5+2420,unass,Pulsar,0.4151,0.1951,0.03,0.3599,0.0,0.4151,ambiguous
4FGL J1358.0-7749,unass,AGN,0.4151,0.4151,0.0501,0.2979,0.035,0.2018,ambiguous
4FGL J1825.8+1204,unass,AGN,0.415,0.415,0.04,0.195,0.035,0.315,ambiguous
4FGL J1548.3-2411,unass,AGN,0.415,0.415,0.145,0.215,0.015,0.21,ambiguous
4FGL J1857.8-3220,unass,AGN,0.415,0.415,0.02,0.275,0.015,0.275,ambiguous
4FGL J2117.9+3729,unass,Pulsar,0.415,0.14,0.15,0.27,0.025,0.415,ambiguous
4FGL J1357.8-5724,unass,AGN,0.415,0.415,0.03,0.2,0.005,0.35,ambiguous
4FGL J1705.1-4748,unass,Binary,0.415,0.235,0.415,0.25,0.01,0.09,ambiguous
4FGL J1902.4-3417,unass,Galactic,0.415,0.295,0.055,0.415,0.105,0.13,ambiguous
4FGL J0916.2-5823,unass,AGN,0.415,0.415,0.05,0.27,0.035,0.23,ambiguous
4FGL J1639.2-5638,unass,AGN,0.415,0.415,0.03,0.235,0.0,0.32,ambiguous
4FGL J1908.4-0432,unass,AGN,0.415,0.415,0.075,0.355,0.005,0.15,ambiguous
4FGL J1940.9+5114,unass,AGN,0.415,0.415,0.005,0.345,0.035,0.2,ambiguous
4FGL J0442.8+3609,unass,Galactic,0.4138,0.245,0.1662,0.4138,0.005,0.17,ambiguous
4FGL J1849.0-1826,unass,AGN,0.4133,0.4133,0.255,0.1867,0.005,0.14,ambiguous
4FGL J1218.1-6028,unass,AGN,0.413,0.413,0.12,0.3649,0.005,0.0971,ambiguous
4FGL J2009.5+2425,unass,AGN,0.4124,0.4124,0.015,0.3948,0.0,0.1777,ambiguous
4FGL J1750.9-3301,unass,AGN,0.4113,0.4113,0.0738,0.3198,0.015,0.18,ambiguous
4FGL J1852.7-1242,unass,Galactic,0.4112,0.25,0.025,0.4112,0.01,0.3038,ambiguous
4FGL J1635.3-4159,unass,Galactic,0.4109,0.3076,0.0101,0.4109,0.0051,0.2664,ambiguous
4FGL J0531.7+1241c,unass,AGN,0.4108,0.4108,0.03,0.3798,0.0008,0.1786,ambiguous
4FGL J0722.7-2309c,unass,AGN,0.4101,0.4101,0.06,0.3399,0.0,0.1901,ambiguous
4FGL J1809.5-0816,unass,Galactic,0.4101,0.24,0.085,0.4101,0.025,0.2399,ambiguous
4FGL J0600.8+0509c,unass,AGN,0.41,0.41,0.115,0.38,0.005,0.09,ambiguous
4FGL J1622.2-1930c,unass,AGN,0.41,0.41,0.125,0.305,0.015,0.145,ambiguous
4FGL J1207.4-4536,unass,Galactic,0.41,0.135,0.085,0.41,0.01,0.36,ambiguous
4FGL J1015.1-6353,unass,Galactic,0.41,0.335,0.09,0.41,0.015,0.15,ambiguous
4FGL J1940.2-2511,unass,Pulsar,0.41,0.29,0.075,0.215,0.01,0.41,ambiguous
4FGL J1617.8-4418,unass,Galactic,0.41,0.355,0.12,0.41,0.0,0.115,ambiguous
4FGL J0917.9-4755,unass,Pulsar,0.41,0.145,0.125,0.315,0.005,0.41,ambiguous
4FGL J1755.6-2050,unass,AGN,0.41,0.41,0.005,0.3067,0.005,0.2733,ambiguous
4FGL J1408.7-3747,unass,Galactic,0.41,0.095,0.08,0.41,0.02,0.395,ambiguous
4FGL J1849.4-0117,unass,AGN,0.41,0.41,0.27,0.21,0.02,0.09,ambiguous
4FGL J1456.3-5419,unass,AGN,0.41,0.41,0.1,0.31,0.0,0.18,ambiguous
4FGL J1752.8-4449,unass,Pulsar,0.41,0.19,0.06,0.34,0.0,0.41,ambiguous
4FGL J0948.0-3859,unass,AGN,0.41,0.41,0.13,0.115,0.0,0.345,ambiguous
4FGL J1751.1+0109,unass,AGN,0.41,0.41,0.045,0.18,0.0,0.365,ambiguous
4FGL J1555.2+7103,unass,AGN,0.41,0.41,0.08,0.145,0.005,0.36,ambiguous
4FGL J1723.1-2859,unass,Galactic,0.4098,0.35,0.05,0.4098,0.0,0.1902,ambiguous
4FGL J0409.7+4006c,unass,Galactic,0.4094,0.4001,0.02,0.4094,0.0,0.1704,ambiguous
4FGL J1507.4-6450c,unass,Galactic,0.4092,0.302,0.0517,0.4092,0.01,0.2271,ambiguous
4FGL J1209.9-5923,unass,Galactic,0.4092,0.3501,0.0151,0.4092,0.01,0.2156,ambiguous
4FGL J2101.8+5044c,unass,Galactic,0.4087,0.3107,0.0101,0.4087,0.0,0.2706,ambiguous
4FGL J0532.6+3358,unass,Galactic,0.408,0.3384,0.085,0.408,0.005,0.1636,ambiguous
4FGL J1711.4-2526,unass,Galactic,0.4071,0.375,0.11,0.4071,0.005,0.1029,ambiguous
4FGL J1736.6-1954,unass,Galactic,0.4071,0.3058,0.0252,0.4071,0.01,0.2519,ambiguous
4FGL J1740.5-2554,unass,Pulsar,0.4056,0.15,0.04,0.4044,0.0,0.4056,ambiguous
4FGL J0239.1+6634,unass,AGN,0.4052,0.4052,0.0952,0.2733,0.02,0.2064,ambiguous
4FGL J1527.9-4943,unass,AGN,0.4052,0.4052,0.025,0.2545,0.0,0.3152,ambiguous
4FGL J1743.9-3539,unass,AGN,0.4051,0.4051,0.0151,0.4042,0.0,0.1756,ambiguous
4FGL J2320.7+6115,unk,AGN,0.4051,0.4051,0.02,0.3698,0.075,0.13,ambiguous
4FGL J1203.5-5745,unass,AGN,0.4051,0.4051,0.025,0.3789,0.0,0.191,ambiguous
4FGL J1819.9-2926,unass,Pulsar,0.405,0.145,0.055,0.395,0.0,0.405,ambiguous
4FGL J1726.7-3930,unass,Galactic,0.405,0.36,0.05,0.405,0.0,0.185,ambiguous
4FGL J1817.6-3251,unass,Pulsar,0.405,0.345,0.035,0.21,0.005,0.405,ambiguous
4FGL J1851.0+1558,unass,AGN,0.405,0.405,0.015,0.35,0.01,0.22,ambiguous
4FGL J1849.1-0652,unass,Galactic,0.405,0.275,0.035,0.405,0.0,0.285,ambiguous
4FGL J1730.1-4343,unass,Galactic,0.405,0.245,0.01,0.405,0.005,0.335,ambiguous
4FGL J1645.1-4123c,unass,Galactic,0.405,0.2,0.025,0.405,0.005,0.365,ambiguous
4FGL J1342.6-5730,unass,AGN,0.405,0.405,0.07,0.2899,0.005,0.23,ambiguous
4FGL J1731.9-2800,unass,Galactic,0.4049,0.3751,0.065,0.4049,0.035,0.1201,ambiguous
4FGL J1537.3-6110,unass,Pulsar,0.4047,0.2044,0.035,0.341,0.015,0.4047,ambiguous
4FGL J1943.9+2841,unass,Galactic,0.4044,0.2852,0.04,0.4044,0.02,0.2504,ambiguous
4FGL J1752.2-1731,unass,Galactic,0.4042,0.3651,0.06,0.4042,0.0,0.1706,ambiguous
4FGL J1846.0+0507,unass,Pulsar,0.404,0.2401,0.0315,0.2345,0.0899,0.404,ambiguous
4FGL J1736.1-2628,unk,Galactic,0.4036,0.2952,0.0101,0.4036,0.0201,0.2711,ambiguous
4FGL J0142.5+6650,unass,Galactic,0.4029,0.2816,0.0851,0.4029,0.015,0.2153,ambiguous
4FGL J1430.9-6024c,unass,Binary,0.4015,0.1052,0.4015,0.3475,0.0001,0.1457,ambiguous
4FGL J1636.9-4710c,unass,Pulsar,0.4002,0.035,0.1707,0.394,0.0,0.4002,ambiguous
4FGL J1729.9-4148,unass,AGN,0.4001,0.4001,0.11,0.3598,0.045,0.085,ambiguous
4FGL J1816.1-3908,unass,AGN,0.4,0.4,0.125,0.37,0.005,0.1,ambiguous
4FGL J1217.2-2500,unass,AGN,0.4,0.4,0.03,0.19,0.005,0.375,ambiguous
4FGL J0940.5-5253,unass,AGN,0.4,0.4,0.065,0.155,0.01,0.37,ambiguous
4FGL J1809.0-2853,unass,Galactic,0.4,0.265,0.02,0.4,0.0,0.315,ambiguous
4FGL J0551.7+0446,unass,AGN,0.4,0.4,0.03,0.22,0.005,0.345,ambiguous
4FGL J1814.2-1012,unass,AGN,0.4,0.4,0.09,0.37,0.0,0.14,ambiguous
4FGL J1759.0-3922,unass,AGN,0.4,0.4,0.185,0.275,0.005,0.135,ambiguous
4FGL J0545.7+6016,unass,Pulsar,0.4,0.27,0.205,0.08,0.045,0.4,ambiguous
4FGL J1639.1-5232,unass,AGN,0.4,0.4,0.1447,0.3253,0.0,0.13,ambiguous
4FGL J1542.1-5901,unass,Galactic,0.3999,0.38,0.065,0.3999,0.0,0.1551,ambiguous
4FGL J1623.0-4624,unass,Galactic,0.3999,0.2059,0.2642,0.3999,0.01,0.12,ambiguous
4FGL J1858.3-1318,unass,Galactic,0.3999,0.255,0.145,0.3999,0.0,0.2001,ambiguous
4FGL J0910.3-4816c,unass,Galactic,0.3998,0.275,0.19,0.3998,0.015,0.1202,ambiguous
4FGL J0848.2-4527,unass,Galactic,0.3967,0.3067,0.075,0.3967,0.0449,0.1767,ambiguous
4FGL J1515.6-5817c,unass,AGN,0.3967,0.3967,0.055,0.3733,0.015,0.16,ambiguous
4FGL J0924.1-5202c,unass,AGN,0.3954,0.3954,0.0151,0.3741,0.0051,0.2103,ambiguous
4FGL J1814.2-3000,unass,AGN,0.3953,0.3953,0.04,0.3687,0.0614,0.1346,ambiguous
4FGL J2147.7+4735c,unass,Galactic,0.395,0.365,0.005,0.395,0.035,0.2,ambiguous
4FGL J1437.6-5616,unass,AGN,0.395,0.395,0.26,0.19,0.0,0.155,ambiguous
4FGL J1855.6-3603,unass,Pulsar,0.395,0.275,0.01,0.305,0.015,0.395,ambiguous
4FGL J1759.2-0243,unass,Galactic,0.395,0.26,0.05,0.395,0.015,0.28,ambiguous
4FGL J1719.3-3424,unass,Galactic,0.395,0.225,0.005,0.395,0.01,0.365,ambiguous
4FGL J2120.3+5227c,unass,Galactic,0.3949,0.2,0.19,0.3949,0.005,0.21,ambiguous
4FGL J1320.3-6410c,unass,Galactic,0.3947,0.3201,0.05,0.3947,0.0,0.2351,ambiguous
4FGL J1811.9-2336,unass,Galactic,0.3942,0.2752,0.0401,0.3942,0.0,0.2905,ambiguous
4FGL J0538.9+3549c,unass,Galactic,0.3933,0.1767,0.095,0.3933,0.085,0.25,ambiguous
4FGL J1748.5-1648,unass,Galactic,0.392,0.2203,0.0102,0.392,0.005,0.3725,ambiguous
4FGL J1821.5-2531,unass,AGN,0.3901,0.3901,0.0701,0.2191,0.0,0.3207,ambiguous
4FGL J1917.6-3204,unass,AGN,0.39,0.39,0.01,0.38,0.045,0.175,ambiguous
4FGL J0304.6+6554,unass,Pulsar,0.39,0.335,0.13,0.145,0.0,0.39,ambiguous
4FGL J1407.7-3017,unass,AGN,0.39,0.39,0.095,0.21,0.0,0.305,ambiguous
4FGL J1634.1-4011,unass,Binary,0.39,0.305,0.39,0.205,0.005,0.095,ambiguous
4FGL J1655.9-3101,unass,AGN,0.39,0.39,0.065,0.365,0.015,0.165,ambiguous
4FGL J0531.8-6639e,unass,AGN,0.39,0.39,0.015,0.39,0.2,0.005,ambiguous
4FGL J2301.8+6235c,unass,Galactic,0.3898,0.225,0.025,0.3898,0.02,0.3401,ambiguous
4FGL J1431.5-6627,unass,Galactic,0.3898,0.3851,0.075,0.3898,0.005,0.1451,ambiguous
4FGL J1208.5-5512,unass,AGN,0.3897,0.3897,0.02,0.1999,0.0399,0.3505,ambiguous
4FGL J1203.8-5920,unass,Pulsar,0.389,0.356,0.015,0.225,0.015,0.389,ambiguous
4FGL J0555.1+0150c,unass,Galactic,0.3887,0.2457,0.02,0.3887,0.03,0.3155,ambiguous
4FGL J1533.0-6239,unass,Galactic,0.3885,0.3751,0.0251,0.3885,0.01,0.2012,ambiguous
4FGL J1612.1-4526,unass,Galactic,0.3855,0.355,0.0703,0.3855,0.005,0.1842,ambiguous
4FGL J1704.4-4540c,unass,AGN,0.3851,0.3851,0.02,0.3845,0.01,0.2003,ambiguous
4FGL J1628.3-4500,unk,Galactic,0.385,0.2502,0.01,0.385,0.01,0.3448,ambiguous
4FGL J1848.8+0701,unass,Pulsar,0.385,0.255,0.02,0.34,0.0,0.385,ambiguous
4FGL J2241.2+4303,unass,AGN,0.385,0.385,0.05,0.325,0.005,0.235,ambiguous
4FGL J1825.0-2547,unass,Galactic,0.3848,0.3051,0.025,0.3848,0.03,0.2551,ambiguous
4FGL J1901.5-1112,unass,Galactic,0.3833,0.335,0.196,0.3833,0.005,0.0807,ambiguous
4FGL J1948.8+2420,unass,Galactic,0.3833,0.32,0.01,0.3833,0.025,0.2617,ambiguous
4FGL J1735.2-1640,unass,Galactic,0.3833,0.305,0.02,0.3833,0.035,0.2567,ambiguous
4FGL J1157.2-6059,unass,Galactic,0.383,0.32,0.185,0.383,0.0,0.112,ambiguous
4FGL J1750.2-3846c,unass,Pulsar,0.3817,0.3454,0.0051,0.2578,0.01,0.3817,ambiguous
4FGL J1208.0-6900,unass,Pulsar,0.3803,0.04,0.3598,0.2199,0.0,0.3803,ambiguous
4FGL J1805.7+3401,unass,Pulsar,0.38,0.285,0.08,0.25,0.005,0.38,ambiguous
4FGL J1020.4-5508,unass,Galactic,0.38,0.315,0.04,0.38,0.005,0.26,ambiguous
4FGL J1442.1-2800,unass,AGN,0.38,0.38,0.105,0.21,0.005,0.3,ambiguous
4FGL J0309.9-6941,unass,AGN,0.38,0.38,0.2,0.175,0.03,0.215,ambiguous
4FGL J1738.6-3627,unass,Galactic,0.38,0.3252,0.0,0.38,0.0,0.2948,ambiguous
4FGL J1631.7-2319c,unass,AGN,0.38,0.38,0.03,0.355,0.0,0.235,ambiguous
4FGL J1633.1-3924c,unass,AGN,0.38,0.38,0.19,0.23,0.0,0.2,ambiguous
4FGL J1724.5-3008,unass,AGN,0.3793,0.3793,0.05,0.3157,0.0,0.255,ambiguous
4FGL J1740.1-1928,unass,Galactic,0.3775,0.2405,0.0151,0.3775,0.01,0.357,ambiguous
4FGL J0826.1-5053,unass,Pulsar,0.3773,0.19,0.075,0.3577,0.0,0.3773,ambiguous
4FGL J1524.6-6245,unass,Galactic,0.3768,0.37,0.0751,0.3768,0.005,0.1731,ambiguous
4FGL J1856.7-0116,unass,AGN,0.3758,0.3758,0.01,0.3478,0.0,0.2664,ambiguous
4FGL J1641.3-2908,unass,Pulsar,0.3756,0.31,0.0851,0.2243,0.005,0.3756,ambiguous
4FGL J1611.6-6013,unass,Pulsar,0.375,0.315,0.025,0.28,0.005,0.375,ambiguous
4FGL J1202.9-5717,unass,AGN,0.375,0.375,0.035,0.215,0.02,0.355,ambiguous
4FGL J0850.8-4239,unass,Galactic,0.375,0.3525,0.055,0.375,0.005,0.2125,ambiguous
4FGL J1757.6-2539,unass,AGN,0.375,0.375,0.045,0.31,0.03,0.24,ambiguous
4FGL J1749.8-0303,unass,Pulsar,0.375,0.33,0.14,0.155,0.0,0.375,ambiguous
4FGL J1925.1+0547,unass,AGN,0.375,0.375,0.065,0.36,0.005,0.195,ambiguous
4FGL J1843.6-2219,unass,AGN,0.375,0.375,0.005,0.375,0.01,0.235,ambiguous
4FGL J1817.2-3035,unass,Binary,0.3749,0.28,0.3749,0.2251,0.025,0.0951,ambiguous
4FGL J2317.6+6036c,unass,Galactic,0.3742,0.3458,0.03,0.3742,0.04,0.21,ambiguous
4FGL J0850.3-4448,unass,Galactic,0.3739,0.2759,0.01,0.3739,0.0051,0.3351,ambiguous
4FGL J1545.2-4553,unass,AGN,0.3712,0.3712,0.025,0.314,0.01,0.2799,ambiguous
4FGL J1638.1-4641c,unass,AGN,0.3701,0.3701,0.09,0.3589,0.0,0.181,ambiguous
4FGL J0753.1-2624c,unass,AGN,0.3701,0.3701,0.035,0.3644,0.0,0.2304,ambiguous
4FGL J1424.8-8012,unass,AGN,0.37,0.37,0.03,0.195,0.04,0.365,ambiguous
4FGL J1840.3+1105,unass,AGN,0.37,0.37,0.02,0.24,0.02,0.35,ambiguous
4FGL J1825.9-3153,unass,AGN,0.37,0.37,0.025,0.2704,0.02,0.3146,ambiguous
4FGL J1829.6-4310,unass,Pulsar,0.37,0.34,0.02,0.2,0.07,0.37,ambiguous
4FGL J0540.0+3501c,unass,AGN,0.37,0.37,0.1802,0.2646,0.0,0.1852,ambiguous
4FGL J1507.7-5403,unass,Binary,0.37,0.34,0.37,0.1599,0.0,0.13,ambiguous
4FGL J1710.9-5247,unk,Pulsar,0.37,0.355,0.02,0.255,0.0,0.37,ambiguous
4FGL J1303.1-4714,unass,AGN,0.37,0.37,0.075,0.195,0.005,0.355,ambiguous
4FGL J1640.5-2408c,unass,Pulsar,0.37,0.34,0.04,0.24,0.01,0.37,ambiguous
4FGL J1931.0+1754c,unass,Galactic,0.3698,0.3401,0.1649,0.3698,0.0,0.1252,ambiguous
4FGL J0902.8-4633,unass,Galactic,0.3696,0.2302,0.03,0.3696,0.0301,0.3402,ambiguous
4FGL J1838.4-0630c,unass,Galactic,0.3693,0.255,0.1452,0.3693,0.01,0.2206,ambiguous
4FGL J1538.0-4638,unass,Pulsar,0.3691,0.3252,0.035,0.2706,0.0,0.3691,ambiguous
4FGL J2013.4+2745,unass,Galactic,0.3683,0.3267,0.005,0.3683,0.01,0.29,ambiguous
4FGL J1813.0-0049c,unass,Galactic,0.3679,0.332,0.04,0.3679,0.02,0.2401,ambiguous
4FGL J1404.8-5237,unass,Pulsar,0.3667,0.215,0.11,0.2933,0.015,0.3667,ambiguous
4FGL J1839.0-1502,unass,Pulsar,0.3661,0.2951,0.02,0.3187,0.0,0.3661,ambiguous
4FGL J0609.0+2006,unass,AGN,0.366,0.366,0.0101,0.3246,0.005,0.2943,ambiguous
4FGL J1754.3-3236,unass,Pulsar,0.3651,0.26,0.125,0.2499,0.0,0.3651,ambiguous
4FGL J0549.0-0233,unass,AGN,0.3651,0.3651,0.0351,0.3299,0.005,0.265,ambiguous
4FGL J1810.1-1137,unass,Galactic,0.365,0.32,0.04,0.365,0.03,0.245,ambiguous
4FGL J1946.5-1527,unass,Galactic,0.365,0.36,0.02,0.365,0.015,0.24,ambiguous
4FGL J2355.5-6614,unass,AGN,0.365,0.365,0.2,0.185,0.035,0.215,ambiguous
4FGL J1856.3-0548,unass,AGN,0.365,0.365,0.0401,0.2924,0.005,0.2975,ambiguous
4FGL J1817.7-2517,unass,Pulsar,0.3649,0.26,0.05,0.3251,0.0,0.3649,ambiguous
4FGL J1817.9-1135,unass,Binary,0.3649,0.2751,0.3649,0.3,0.0,0.06,ambiguous
4FGL J1705.4-4850,unass,Galactic,0.3648,0.2601,0.045,0.3648,0.0,0.3301,ambiguous
4FGL J1733.9-2220,unass,AGN,0.3616,0.3616,0.005,0.3443,0.01,0.2791,ambiguous
4FGL J0843.9-4224c,unass,Galactic,0.3613,0.2855,0.0201,0.3613,0.0101,0.323,ambiguous
4FGL J1750.8-1246,unass,Galactic,0.3607,0.3593,0.0,0.3607,0.01,0.27,ambiguous
4FGL J2221.9+5955,unass,AGN,0.3602,0.3602,0.015,0.3168,0.0101,0.2979,ambiguous
4FGL J1701.0-2617,unk,Galactic,0.36,0.3302,0.145,0.36,0.0748,0.09,ambiguous
4FGL J2019.6+0616,unass,Galactic,0.36,0.33,0.005,0.36,0.035,0.27,ambiguous
4FGL J1344.2-6517,unass,AGN,0.36,0.36,0.015,0.3571,0.005,0.2629,ambiguous
4FGL J0004.0+5715,unass,Galactic,0.36,0.33,0.065,0.36,0.03,0.215,ambiguous
4FGL J1631.8-2355c,unass,AGN,0.36,0.36,0.1603,0.2793,0.0,0.2003,ambiguous
4FGL J1206.8-6038c,unass,AGN,0.36,0.36,0.03,0.3092,0.0,0.3007,ambiguous
4FGL J1740.8-1832,unass,Pulsar,0.36,0.2969,0.08,0.2631,0.0,0.36,ambiguous
4FGL J1635.4-3453,unass,Pulsar,0.3598,0.2551,0.02,0.3551,0.01,0.3598,ambiguous
4FGL J1831.8-2514,unass,Galactic,0.3598,0.315,0.01,0.3598,0.1,0.2152,ambiguous
4FGL J1752.4-0758,unass,AGN,0.3552,0.3552,0.025,0.3097,0.0,0.3101,ambiguous
4FGL J1838.2+3223,unass,Pulsar,0.355,0.29,0.045,0.2,0.11,0.355,ambiguous
4FGL J0530.0-6900e,unass,AGN,0.355,0.355,0.005,0.345,0.2799,0.015,ambiguous
4FGL J2043.9+2051,unass,Galactic,0.355,0.315,0.01,0.355,0.04,0.28,ambiguous
4FGL J1710.1-4541,unass,AGN,0.355,0.355,0.195,0.325,0.03,0.095,ambiguous
4FGL J1730.3-2913,unass,Galactic,0.355,0.305,0.055,0.355,0.02,0.265,ambiguous
4FGL J1800.1-0323,unass,AGN,0.351,0.351,0.0898,0.276,0.0101,0.2731,ambiguous
4FGL J0614.1+1628c,unass,AGN,0.3504,0.3504,0.0051,0.3451,0.0001,0.2994,ambiguous
4FGL J2023.3-1947,unass,AGN,0.35,0.35,0.015,0.31,0.04,0.285,ambiguous
4FGL J0749.8-4420,unass,Binary,0.35,0.25,0.35,0.135,0.01,0.255,ambiguous
4FGL J1817.5-1034,unass,Pulsar,0.35,0.28,0.03,0.335,0.005,0.35,ambiguous
4FGL J1729.4-2831,unass,Galactic,0.35,0.14,0.205,0.35,0.005,0.3,ambiguous
4FGL J1420.7-6701,unass,Binary,0.35,0.325,0.35,0.285,0.02,0.02,ambiguous
4FGL J1706.5-4023c,unass,Galactic,0.345,0.23,0.16,0.345,0.0,0.265,ambiguous
4FGL J1743.4-2406,unass,AGN,0.345,0.345,0.04,0.335,0.03,0.25,ambiguous
4FGL J1556.8-5242c,unass,Pulsar,0.345,0.34,0.035,0.28,0.0,0.345,ambiguous
4FGL J1615.5-5434,unass,Galactic,0.345,0.32,0.28,0.345,0.01,0.045,ambiguous
4FGL J0609.0+2136c,unass,Galactic,0.3429,0.3303,0.0101,0.3429,0.0201,0.2966,ambiguous
4FGL J1713.6-4902,unass,Pulsar,0.3404,0.3296,0.015,0.31,0.005,0.3404,ambiguous
4FGL J0005.6+6746c,unass,AGN,0.3402,0.3402,0.1148,0.31,0.03,0.205,ambiguous
4FGL J1739.1-1059,unass,AGN,0.34,0.34,0.025,0.2797,0.02,0.3353,ambiguous
4FGL J1704.0-4226c,unass,Pulsar,0.34,0.325,0.0,0.3348,0.0002,0.34,ambiguous
4FGL J0155.7+6642,unass,AGN,0.34,0.34,0.21,0.285,0.0,0.165,ambiguous
4FGL J0951.8-5944,unass,Pulsar,0.34,0.295,0.17,0.195,0.0,0.34,ambiguous
4FGL J0235.3+5650,unass,Pulsar,0.3383,0.035,0.31,0.3167,0.0,0.3383,ambiguous
4FGL J1627.7-5749,unass,AGN,0.3351,0.3351,0.1751,0.1898,0.0,0.3,ambiguous
4FGL J1700.3-4557,unass,AGN,0.335,0.335,0.0401,0.2999,0.0,0.325,ambiguous
4FGL J0349.6+4026,unass,Galactic,0.3349,0.2801,0.0451,0.3349,0.035,0.305,ambiguous
4FGL J1644.1-5009,unass,Pulsar,0.3308,0.3105,0.025,0.3287,0.005,0.3308,ambiguous
4FGL J0722.4-2650,unass,AGN,0.3302,0.3302,0.03,0.2952,0.05,0.2946,ambiguous
4FGL J1808.6-0110c,unass,AGN,0.3301,0.3301,0.0701,0.3244,0.005,0.2704,ambiguous
4FGL J1856.2+0749,unk,Pulsar,0.3301,0.3051,0.04,0.3248,0.0,0.3301,ambiguous
4FGL J1757.1-3554,unass,AGN,0.3301,0.3301,0.1,0.2748,0.005,0.29,ambiguous
4FGL J1514.0-6240,unass,Galactic,0.33,0.315,0.2,0.33,0.01,0.145,ambiguous
4FGL J1709.4-0328,unass,Pulsar,0.325,0.3,0.095,0.24,0.04,0.325,ambiguous
4FGL J1734.5-2818,unass,Galactic,0.3249,0.245,0.1799,0.3249,0.01,0.2401,ambiguous
4FGL J1804.0-1124,unass,Pulsar,0.32,0.305,0.095,0.28,0.0,0.32,ambiguous
4FGL J1810.3+1332,unass,AGN,0.32,0.32,0.0653,0.2543,0.15,0.2103,ambiguous
4FGL J1541.2-5201,unass,AGN,0.32,0.32,0.04,0.295,0.03,0.315,ambiguous
4FGL J1948.1+2511,unass,Pulsar,0.32,0.2,0.185,0.295,0.0,0.32,ambiguous
4FGL J1719.6-4320,unass,Pulsar,0.32,0.285,0.11,0.285,0.0,0.32,ambiguous
4FGL J1519.7-6013c,unass,Galactic,0.315,0.29,0.225,0.315,0.0,0.17,ambiguous
4FGL J1745.3-3502,unass,Galactic,0.315,0.295,0.21,0.315,0.0,0.18,ambiguous
4FGL J0705.8-0004,unass,Galactic,0.315,0.19,0.1,0.315,0.145,0.25,ambiguous
4FGL J1727.6-2304,unass,Pulsar,0.31,0.205,0.16,0.295,0.03,0.31,ambiguous
4FGL J2317.8+6140c,unass,Galactic,0.3069,0.205,0.305,0.3069,0.0176,0.1654,ambiguous
4FGL J1927.4+3528,unass,Pulsar,0.3044,0.2352,0.025,0.17,0.2654,0.3044,ambiguous
4FGL J1623.7-2315c,unass,Binary,0.3,0.225,0.3,0.23,0.005,0.24,ambiguous
4FGL J0541.4-0754c,unass,Galactic,0.2951,0.2601,0.2597,0.2951,0.015,0.1702,ambiguous
